,Unnamed: 0_x,Reporter Identifier,p,fold_change,abs_change,Rejection on 0.05,qval,Unnamed: 0_y,chr,pos,strand,Name,AddressA,AddressB,ProbeSeqA,ProbeSeqB,Type,NextBase,Color,Probe_rs,Probe_maf,CpG_rs,CpG_maf,SBE_rs,SBE_maf,Islands_Name,Relation_to_Island,Forward_Sequence,SourceSeq,Random_Loci,Methyl27_Loci,UCSC_RefGene_Name,UCSC_RefGene_Accession,UCSC_RefGene_Group,Phantom,DMR,Enhancer,HMM_Island,Regulatory_Feature_Name,Regulatory_Feature_Group,DHS,cluster
0,6825,cg23084506,8.479817039328913e-05,1.9983893845364888,0.29270765000000004,True,0.00043519096799550993,cg23084506,chr1,13111908,-,cg23084506,33767397,,CCTTAAATCCTACCCACTTCCACATTTTTTTATTTTTCTTTTAAAACCAC,,II,,,,,,,,,,OpenSea,CCCTGTTTTCCCCTTGGATCCTGCCCACTTCCACATTTTTTTGTTTTTCTTTTGAGACCA[CG]TCTCCCTCTGTCGCCCAGGCTGGAGTGCAGTGGTGTGATGTCACCTCACTGCAACCTCTG,CGTGGTCTCAAAAGAAAAACAAAAAAATGTGGAAGTGGGCAGGATCCAAG,,,PRAMEF5,NM_001013407,Body,,,,,,,,0
1,8426,cg16675581,0.001560524282328443,1.4011549300615185,0.23344809999999994,True,0.004141472586039503,cg16675581,chr1,19637256,-,cg16675581,54732496,,AACTAAAAACAACRTAAACCTAAAATTCACATTTACCCTCTTTTCCCCCC,,II,,,rs77957193,0.049405000000000004,,,,,chr1:19638207-19639309,N_Shore,GCAGCCAGGTGAACTAGAAACAGCGTGGGCCTGAGATTCACATTTGCCCTCTTTTCCCCC[CG]ACCCCCCAAGCGCTATGACTCAGGAGGACCCAGAGAGAACCTCTCCTCAGGGGTGGGGAG,CGGGGGGAAAAGAGGGCAAATGTGAATCTCAGGCCCACGCTGTTTCTAGT,,,AKR7A2;PQLC2;PQLC2;PQLC2,NM_003689;NM_017765;NM_001040125;NM_001040126,Body;TSS1500;TSS1500;TSS1500,,,,,,,,0
4,14356,cg26038582,8.814877527917243e-14,1.613891934482185,0.20417085,True,1.2793504789671754e-11,cg26038582,chr1,42384390,-,cg26038582,24803324,14632473.0,AAACAACTAAATAATAAAAAAATCAACTAATTATAAACATACTCACACCA,AAACAACTAAATAATAAAAAAATCGACTAATTATAAACATACTCGCGCCG,I,A,Red,,,,,,,chr1:42383640-42384003,S_Shore,AAGCACCAAACTAGGCAGCTGGATAATGGGAGAGTCGGCTGGTTGTGAGCATGCTCGCGC[CG]GGAACAGATCCACCCTCTGTTATTCCTCTGAATAAATATAAATCACGATCAGAAACCCAA,CGGCGCGAGCATGCTCACAACCAGCCGACTCTCCCATTATCCAGCTGCCT,,,HIVEP3;HIVEP3;HIVEP3;HIVEP3,NM_001127714;NM_024503;NM_024503;NM_001127714,1stExon;1stExon;5'UTR;5'UTR,low-CpG:42156913-42157182,,True,1:42156952-42156978,1:42383352-42384533,Unclassified_Cell_type_specific,,0
5,17509,cg01821018,0.006104087445427364,1.4208599993066897,0.20274800000000004,True,0.011851920911639263,cg01821018,chr1,59043280,-,cg01821018,54790412,55772486.0,AAATTTCATTACAAAATATAACTCACAACTATCACACTCTCCTCTATACA,AAATTTCATTACAAAATATAACTCGCGACTATCGCGCTCTCCTCTATACG,I,C,Grn,,,,,,,chr1:59042013-59043295,Island,AGAAAGTCTAAAGAGTTTCATTGCAAAGTGTGGCTCGCGACTGTCGCGCTCTCCTCTATA[CG]CGACTCCCTTTTCGTTCTTTCCCAGCCCCAGCCCTCCCTTAATTTCTCTCACTCCCTCTC,GAGTTTCATTGCAAAGTGTGGCTCGCGACTGTCGCGCTCTCCTCTATACG,,,TACSTD2,NM_002353,TSS200,,,True,1:58814306-58815871,,,True,0
6,18457,cg02339888,9.276592190695873e-08,1.4623256697562357,0.2599086500000001,True,1.8610838213492458e-06,cg02339888,chr1,67862336,+,cg02339888,21765331,,ACCATCTAAAACTATACACTCCAATACAATAACCACTAACCATATATAAC,,II,,,,,,,,,,OpenSea,TAATCACTTGGAATGTGTTTAGCTTGACTGAGGAATTAAATTTTGATTGTAAATTTAAAT[CG]CCACACATGGCTAGTGGCTACTGTATTGGAGTGCACAGCTCTAGATGGCTCCTAGATTAT,CGCCACACATGGCTAGTGGCTACTGTATTGGAGTGCACAGCTCTAGATGG,,,IL12RB2,NM_001559,3'UTR,,,,,,,,0
7,21036,cg06223162,1.0488444830927329e-06,1.5907683668038168,0.29318684999999994,True,1.3304237903341819e-05,cg06223162,chr1,101003688,+,cg06223162,34751357,,ACACCCTATACTCAAAAACAAAAATAATAACTAATATAATAAACCCACTC,,II,,,,,,,,,chr1:101004471-101005885,N_Shore,GCCAAGCGTGGAAAGGCTGTCTTTTCCCTGGATGATGTATAACTAAGCAGGAGAGAGCTT[CG]AGTGGGTTCACCACATCAGCCACCACTCCTGCTTCTGAGCACAGGGTGCTCTCCTCTTGA,CGAGTGGGTTCACCACATCAGCCACCACTCCTGCTTCTGAGCACAGGGTG,,,GPR88,NM_022049,TSS200,,,,,1:101003636-101003806,Unclassified_Cell_type_specific,,0
8,22124,cg03847896,1.513504332228913e-06,1.3162737333235222,0.20824685,True,1.783058599434436e-05,cg03847896,chr1,112154295,+,cg03847896,47666370,,ATCCTACTTCTTACCAACTATATATATAACCTTAAACAAATTATTTAACC,,II,,,,,,,,,,OpenSea,AACAACCCTGTGAAGTAAATGTTATCCTAATTTTACGCACAAGGGAACTGAAGCTCAGAA[CG]GTTAAATAATTTGCCCAAGGTTACACACACAGCTGGTAAGAAGCAGGATCAGAATTTGAA,CGGTTAAATAATTTGCCCAAGGTTACACACACAGCTGGTAAGAAGCAGGA,,,,,,,,True,,,,,0
9,22126,cg06205333,0.03083856999919962,1.4607358306789255,0.26411434999999994,True,0.042974686656824336,cg06205333,chr1,112161618,-,cg06205333,11792325,,CATCAACAAAACTAACTTTTAACAACATAAATCAAATACRATCATTCCTC,,II,,,rs78946135,0.017376,,,,,chr1:112162204-112162837,N_Shore,TATTTTACACACATCAGCAAGACTAACTTTTAACAACATGAATCAGATGCGGTCATTCCT[CG]GCTCACCCTTCTCTCATGGTTTCCCGTTCCTGTTATAATGGCCCACAGGCTTCACTGGAT,ATCAGCAAGACTAACTTTTAACAACATGAATCAGATGCGGTCATTCCTCG,,,RAP1A;RAP1A,NM_001010935;NM_002884,TSS1500;TSS1500,,,,,,,,0
11,23331,cg20485607,1.2249244815692852e-06,1.6450286899339148,0.3288215000000002,True,1.5041534594977136e-05,cg20485607,chr1,120217696,-,cg20485607,39762457,,ACTTATCATTCTACAATCCACAAAACAACTTTCCAAAAAATTTACTAACC,,II,,,rs640195,0.255909,,,,,,OpenSea,CCAGGGTTGCTGCTTATCATTCTACAATCCACAGGGCAGCTTTCCAAAGAATTTGCTGGC[CG]CAAATACCAACAGGTCTGAGATTAAGAAACCCTGTTCTAGATGAATATACACCAAACTTT,CGGCCAGCAAATTCTTTGGAAAGCTGCCCTGTGGATTGTAGAATGATAAG,,,,,,,,True,,1:120217612-120217822,Unclassified_Cell_type_specific,True,0
19,32686,cg08128734,3.4791313460519646e-31,1.5069442034944216,0.20674125,True,4.525990370974514e-27,cg08128734,chr1,206685423,-,cg08128734,52783351,,RCACCCAACAACACTAAATATATAACRTATATTTTCCTTAATTTAACCCC,,II,,,rs76764131,0.019983,,,,,chr1:206680236-206681444,S_Shelf,AAGGTATTTGCGCACCCAGCAGCACTGAGTGTGTAGCGTGTGTTTTCCTTGATTTAGCCC[CG]TGTTTGGCTTTAGAGTTTAAGAAAATGAAGCACAGAAATGGAAATTTTGTTGTTAAAGAT,CGGGGCTAAATCAAGGAAAACACACGCTACACACTCAGTGCTGCTGGGTG,,,RASSF5;RASSF5,NM_182663;NM_182664,Body;Body,,,True,,,,,0
20,32989,cg10501210,2.430546709224326e-48,2.20505630528903,0.43555055,True,4.742835168311342e-43,cg10501210,chr1,207997020,+,cg10501210,43774458,66775341.0,CAAAACTACAACACCTTACAACAAAACCAAAATTTAAATCTACACAAACA,CGAAACTACGACACCTTACGACGAAACCAAAATTTAAATCTACGCAAACG,I,A,Red,,,,,,,,OpenSea,ACGTGGGGGAAGAAGGGGGTTACGCCATCAAGTCCTGAAGCCCGTCGGACCACCCATCGC[CG]CCTGCGCAGACCCAAATCTTGGTCCCGCCGTAAGGTGCCGCAGTCCCGAATGTTCCAGAA,CGGGACTGCGGCACCTTACGGCGGGACCAAGATTTGGGTCTGCGCAGGCG,,,,,,,CDMR,True,1:206063625-206063801,,,True,0
22,38115,cg04798314,0.008608584161833391,1.4440846359216544,0.278304,True,0.01550041735931022,cg04798314,chr1,246668601,+,cg04798314,22669441,,AATAAATATCTTAAATTAACTAAACTTAAATCACTACCTACACCCCTAAC,,II,,,,,,,,,chr1:246670148-246670768,N_Shore,AGTGAGCCTGCCTTCTATCTTAAAAGCCAAAAAGGCTAAATACCGTCTCAACCTCCCTCG[CG]CTAGGGGTGCAGGCAGTGACCTAAGTTTAGCCAATCCAAGACACTCACTGAGGACTTTGA,GTGAGTGTCTTGGATTGGCTAAACTTAGGTCACTGCCTGCACCCCTAGCG,,,SMYD3,NM_001167740,Body,,,,,,,,0
23,38347,cg00112952,0.0002784617711594464,1.53094076161975,0.20372720000000002,True,0.0010975498603117274,cg00112952,chr1,247616523,+,cg00112952,55681447,,CTAAAACAACAAAAAACACCTATTACAACATATAAACTAAACAAATCTCC,,II,,,,,,,,,chr1:247614695-247614944,S_Shore,ATAATTTATGAAGGATTTTTATTCTTGATTTGGTACCTTATGCATAGACTGTAAAACTAA[CG]GAGATCTGCTCAGCTTACATGTTGCAACAGGTGTTCCCTGCTGCCCCAGTTGATGTTCTG,CGGAGATCTGCTCAGCTTACATGTTGCAACAGGTGTTCCCTGCTGCCCCA,,,OR2B11,NM_001004492,TSS1500,,,,,,,,0
27,46055,cg01286930,0.0023568082171654898,1.655721750576942,0.2287445000000001,True,0.0056843778882946575,cg01286930,chr2,54783773,+,cg01286930,36727426,,ACACACACACACACCACATCAAAACTACAAAAAAAATTAAATTAAAAACC,,II,,,,,,,,,chr2:54785026-54785969,N_Shore,ATCATTTCACCAGTATACTTAGTTGTGAAAAAGGGCTTGTTAAAAAGATCTTCATTGAGA[CG]GTTCCCAATTCAACTTCTCTTGTAGTCTTGATGTGGTGTGTGTGTGTGTGTTTGTGTGTG,CGGTTCCCAATTCAACTTCTCTTGTAGTCTTGATGTGGTGTGTGTGTGTG,,,SPTBN1,NM_003128,Body,,,,,,,,0
28,46178,cg19384241,0.013159823455551773,1.5185686234207267,0.30552575000000004,True,0.02165955827973724,cg19384241,chr2,55393977,+,cg19384241,47711337,,TAAACAAAAAACTATCACCTTCAAACATAAACTACCTACCTTCTAAACTC,,II,,,,,,,,,,OpenSea,AAGGTTAAACCTAGGAACACGGAAGCCAATGTGCCCCCAGAGAACGGAAGAGGCGGTCTG[CG]AGTTCAGAAGGCAGGCAGCTCATGCTTGAAGGTGATAGCCTTCTGCCTACAAGAGAAATC,AGGCAGAAGGCTATCACCTTCAAGCATGAGCTGCCTGCCTTCTGAACTCG,,,,,,,,True,,,,,0
29,47238,cg22943590,6.762114444881518e-17,1.3927571546142503,0.2017957,True,2.0007912375204434e-14,cg22943590,chr2,66648797,+,cg22943590,33721389,,ACACTTTAAAAACTACATACCTAATTCTTTTTAATATAAACTATTCTTAC,,II,,,,,,,,,chr2:66652691-66654218,N_Shelf,TAAGACCACTTGCTGCTCCCTGGAATGATTCTAATATAGGAGGTACATTAGAGAGAGTGC[CG]TAAGAATAGCCTATATTAAAAAGAACTAGGTATGTAGCTTTTAAAGTGTGCCCATTTAGA,CACTTTAAAAGCTACATACCTAGTTCTTTTTAATATAGGCTATTCTTACG,,,,,,,,,,,,,0
30,47245,cg11807280,9.19541310196549e-21,1.6875755217611983,0.23272960000000004,True,6.362916092005265e-18,cg11807280,chr2,66654644,+,cg11807280,60767490,,CTTTAAAACAACAAAATAAATCACACTAACCATACTTAACATCCATATTC,,II,,,,,,,,,chr2:66652691-66654218,S_Shore,TTGAATAATCAGTAAGATTTTTGCCTGAAGGTTTTCACAAAATATGCCCCTTTATCCAGT[CG]AACATGGATGCTAAGCATGGCCAGTGTGACTCATCCTGTTGCTTCAAAGGTAAATGTTTG,TTTGAAGCAACAGGATGAGTCACACTGGCCATGCTTAGCATCCATGTTCG,,,,,,,RDMR,,,,,,0
32,51424,cg03938978,3.66555314771799e-05,1.9678780314623787,0.27432929999999994,True,0.00022519862751192496,cg03938978,chr2,103052716,-,cg03938978,37748431,,ATAAAATCTTAATTACRACTCTATATCCTCCCACCATTACRTTCTCATAC,,II,,,,,,,,,,OpenSea,CCTTGGCTTAGGTGAGGTCTTAGTTACGGCTCTGTGTCCTCCCACCATTACGTTCTCATG[CG]ATTTATGACACGCCTCTCCCCTGAATTCTGATCTTTATATGTTATCACTGCGTCCTCTGA,CGCATGAGAACGTAATGGTGGGAGGACACAGAGCCGTAACTAAGACCTCA,,,IL18RAP,NM_003853,Body,,DMR,,,,,,0
33,51715,cg22454769,4.755123837111892e-39,1.4830603054945375,0.22548329999999994,True,4.639443561964553e-34,cg22454769,chr2,106015767,-,cg22454769,66727363,23744359.0,CTTAAAAACACAATAATTATCAAAAACATCACCTCCAACATAAACTCTCA,CTTAAAAACACAATAATTATCGAAAACGTCGCCTCCGACGTAAACTCTCG,I,A,Red,,,,,,,chr2:106014878-106015884,Island,TGCCCTCCGGGTCTTGGGAGCACAGTAGTTATCGGGAGCGTCGCCTCCGGCGTGGGCTCT[CG]GGCGCGAGTTTCGGACGAGGCCTGGGCGCGGTGGCAGGGGTCTGCCCACGCCGGGATCTC,CTTGGGAGCACAGTAGTTATCGGGAGCGTCGCCTCCGGCGTGGGCTCTCG,,,FHL2;FHL2;FHL2;FHL2,NM_001039492;NM_001450;NM_201557;NM_201555,TSS200;TSS200;5'UTR;TSS200,,,,2:105381311-105382817,2:106014507-106016259,Unclassified_Cell_type_specific,True,0
34,56586,cg01620164,5.931201851977842e-08,1.5942295499824344,0.2581205999999999,True,1.2917931891118592e-06,cg01620164,chr2,164590272,-,cg01620164,69629360,64760370.0,TTTAACTCAATAATCACCAAAATCCAACCAAACATATATATCACACAACA,TTTAACTCAATAATCACCAAAATCCAACCAAACGTATATATCGCGCAACG,I,A,Red,,,,,,,chr2:164592917-164593511,N_Shelf,GTGTGGTGTGTATTTAGCTCAATAGTCACCAGAGTCCAACCAGACGTGTATGTCGCGCAA[CG]GGTCTTGTAGTTCCTCTCTTCGTATTCACATTTGTGTTAGGAGAGAGCAGTGACCACGGC,TTTAGCTCAATAGTCACCAGAGTCCAACCAGACGTGTATGTCGCGCAACG,,,FIGN,NM_018086,Body,,,,,,,,0
35,57070,cg15059639,0.008837251544335683,1.3638123656126508,0.2047737000000001,True,0.015818489762676434,cg15059639,chr2,171220061,-,cg15059639,25739436,,AACACCACCAACTTAAAAACCCRACCTTATTTCTTACTAAAAAATATCCC,,II,,,,,,,,,,OpenSea,GAGAGTGCACAGACACCACCAGCTTGAGAGCCCGACCTTGTTTCTTGCTAAGAAATGTCC[CG]TTTTTGCCTGTTTTTGGCAGAAGCCAGACTGGGAGATTGCTGCAAATGGCTGCAACAACC,CGGGACATTTCTTAGCAAGAAACAAGGTCGGGCTCTCAAGCTGGTGGTGT,,,MYO3B;MYO3B;MYO3B,NM_001083615;NM_001171642;NM_138995,Body;Body;Body,,DMR,,,,,,0
36,59957,cg09455823,1.1681426750368595e-09,1.462664669156417,0.22037935000000006,True,4.9306713567376176e-08,cg09455823,chr2,201606912,-,cg09455823,51803431,,ATTACRATACCACCACCTAAAACCCCATAATAAAACCCTATAACTTTACC,,II,,,,,,,,,,OpenSea,ATAGTAATGTCATTACGGTGCCACCACCTGGGACCCCATGATGGGACCCTGTGACTTTGC[CG]TGGACTCAGACCTCAGCCTTGCTCTGTGTAGAGGAAGCTGGCCTTTCCTTCTCTACTGCT,CGGCAAAGTCACAGGGTCCCATCATGGGGTCCCAGGTGGTGGCACCGTAA,,,,,,,,True,,,,,0
37,61548,cg00549040,1.6351575491292695e-07,1.4385148099201093,0.2229620000000001,True,2.934306221654752e-06,cg00549040,chr2,218048915,-,cg00549040,50621479,,ATACAAACTTCATAAAACACACAAACACAAACCTAAATAATATAACCTAC,,II,,,,,,,,,,OpenSea,GATTTGTTATTGTGCAAACTTCATAGAGCACACAAACACAAACCTAAATGGTGTAGCCTA[CG]ACACACCAAGGCTATATGGTATAGCCTATTGCTCCTAGACTACAAACCCGTACAGCATGT,TGCAAACTTCATAGAGCACACAAACACAAACCTAAATGGTGTAGCCTACG,,,,,,,,True,,,,,0
38,63882,cg18346402,6.724901586132755e-07,1.334121691163738,0.21466475,True,9.261488521132203e-06,cg18346402,chr2,233412831,-,cg18346402,22782396,,TTTAAAAATACTTTATTACTAAAAAATACTAATTATCAATCTAAACCTTC,,II,,,rs4973539,0.140238,,,,,chr2:233415005-233415811,N_Shelf,ACATACCTAAATTTAAAAATACTTTATTGCTAAAAAATGCTGATTATCAATCTGAGCCTT[CG]GTGAGTCGTACTCTTTTTGCTGGTGGAGGGTCTTGCCTCGAGGTTGATGGTTGCTGACTG,TTAAAAATACTTTATTGCTAAAAAATGCTGATTATCAATCTGAGCCTTCG,,,TIGD1,NM_145702,1stExon,,,,,,,,0
39,65776,cg27074582,0.0012884134859050876,1.3846554954343704,0.20035344999999996,True,0.0035748257669716093,cg27074582,chr2,240114406,+,cg27074582,49675499,,ACCTAAAACACTCTAAAAAATCACTACAAAACACTAATCCCAAAAAAACC,,II,,,,,,,,,chr2:240112234-240112435,S_Shore,CTCGTGAATGACTGTCAGGTTGCGGTTCCCTCTTCCGCGTTCATGGCTGTGATTGGCACG[CG]GTTCTCCTGGGACCAGTGCCCTGCAGTGACTTCCTAGAGTGCCTCAGGTGAGCGGGCCCG,CCTGAGGCACTCTAGGAAGTCACTGCAGGGCACTGGTCCCAGGAGAACCG,,,HDAC4,NM_006037,Body,,,True,2:239779229-239779344,,,,0
40,66593,cg06193597,0.002245238211250776,2.1633612692863973,0.4045494000000001,True,0.005476393052332296,cg06193597,chr2,241896910,-,cg06193597,54605425,40778416.0,CTACCCATTCTAAACAAAAACCCTTCTCACTAACTACACAAAAACACACA,CTACCCATTCTAAACGAAAACCCTTCTCACTAACTACACAAAAACACGCG,I,C,Grn,rs10173220,0.43826899999999996,,,,,,OpenSea,CAGCCCCCTTCTCTGCCCATTCTGAACGGGAGCCCTTCTCACTGACTGCACAGAGGCACG[CG]CAGGCCGCCTGCTGGGGGGCCGGGGCGTCCAGGCAGCGGGGCCTTGGGGGACGCTCGGTG,CGCGTGCCTCTGTGCAGTCAGTGAGAAGGGCTCCCGTTCAGAATGGGCAG,,,,,,,,,2:241545581-241545649,,,,0
42,75166,cg05401945,3.01764388046974e-08,1.8233785331752776,0.23925120000000005,True,7.42695881684458e-07,cg05401945,chr3,56590734,+,cg05401945,14650319,,TTAACATTACAACATATATCTCCTAAAAATAAATATTCTACTACATAACC,,II,,,,,,,,,chr3:56590939-56591223,N_Shore,AATTAAATCGGGAAGAGAATTATTATGAAATTAATGATCTTAGGTATAATAATTGTACTG[CG]GTTATGTAGCAGAACATCTATTCTTAGGAGATACATGCTGCAATGTTAAAGGGTTAAGTG,TAACATTGCAGCATGTATCTCCTAAGAATAGATGTTCTGCTACATAACCG,,,CCDC66;CCDC66;CCDC66,NM_001012506;NM_001141947;NR_024460,TSS1500;TSS1500;TSS1500,,,,,3:56590485-56592068,Promoter_Associated,,0
43,76778,cg20540428,2.2319103358321084e-07,1.4781077081352638,0.22172134999999996,True,3.785179101576834e-06,cg20540428,chr3,73045686,+,cg20540428,74737459,,CTTTAAATCCCTACCATTTCCTCTCTATATAAACTTAAACTACTTACTTC,,II,,,,,,,,,chr3:73045834-73046517,N_Shore,CATAGGGCATCAGTACCAGTGCCCTTACTGTACAGATGGGGAAAATGAGGCTCAGACAGG[CG]AAGTAAGTAGCTTAAGTTCACACAGAGAGGAAATGGCAGGGATTCAAAGCCTAGGAGTCC,TTTGAATCCCTGCCATTTCCTCTCTGTGTGAACTTAAGCTACTTACTTCG,,True,PPP4R2,NM_174907,TSS1500,,,,,3:73045395-73047299,Promoter_Associated_Cell_type_specific,,0
45,79672,cg18770216,4.203144310155332e-10,1.7106866437951218,0.21787325,True,2.082660259374579e-08,cg18770216,chr3,124491657,-,cg18770216,36689300,,CTAAAACCCAAATCTAAACAATCTCTACATTCAACAACAACACAAAACCC,,II,,,rs1980077,0.016538,,,,,,OpenSea,GTCAGCGAAGGCTGGGGCCCAGGTCTAGACAATCTCTGCATTCAGCAGCAGCACAGAGCC[CG]TGTTCTATTATCTGTATAAATGGAGCAGAAAATTCAAAAGCCATTTGCAGTGGTTTCTGG,CGGGCTCTGTGCTGCTGCTGAATGCAGAGATTGTCTAGACCTGGGCCCCA,,,ITGB5,NM_002213,Body,,,True,,,,,0
46,80840,cg04942380,9.124556557763677e-10,1.6139908879208495,0.23409210000000005,True,4.004308515958476e-08,cg04942380,chr3,129149956,+,cg04942380,39803463,14798483.0,CACTAAATATTTTTATCAACTAAACATAATAATACATACCTATAATCTCA,CACTAAATATTTTTATCGACTAAACGTAATAATACATACCTATAATCTCG,I,A,Red,rs2307285,0.207702,,,,,chr3:129147229-129147617,S_Shelf,ACTGAAGCCTTGACCTCCTGGGCCCTCATGAGCTCAAATGATCCTCCTGCCTCAGCCTTC[CG]AGATTACAGGCATGCACCACCACGCCTAGCCGATAAAAATATTTAGTGGGCCCCTAGCTT,CACTAAATATTTTTATCGGCTAGGCGTGGTGGTGCATGCCTGTAATCTCG,,,MBD4,NM_003925,3'UTR,,,,,,,,0
47,87617,cg05834845,1.2691385485447448e-05,1.388079713558165,0.2158621999999999,True,9.749215656811308e-05,cg05834845,chr3,195489306,+,cg05834845,63647464,51600463.0,TACATAACAATACAAAACCCAATACATAACAATACAAAACCAAAAAAACA,TACGTAACGATACAAAACCCGATACGTAACGATACAAAACCAAAAAAACG,I,C,Grn,rs147056758,0.0211,,,,,chr3:195488595-195489381,Island,CTGCACTGGAGGCGGAGAAGAGGCCGGCGAGCTGCACGCCCCGCTCGGGGGTAGAGGCTG[CG]CTCTCTTGGCCCTGCACCGCCACGCACCGGGCCCTGCACCGCCACGCACCGGGCCCGGCA,TGCGTGGCGGTGCAGGGCCCGGTGCGTGGCGGTGCAGGGCCAAGAGAGCG,,,MUC4;MUC4;MUC4,NM_018406;NM_138297;NM_004532,Body;Body;Body,,,,3:196974294-196975705,3:195489123-195489335,Unclassified_Cell_type_specific,,0
48,87618,cg13752114,0.0005265172968677851,1.3132927756199522,0.2149323,True,0.001794950553642736,cg13752114,chr3,195489708,+,cg13752114,59668479,34600429.0,AACATTTCAACCTAACCATAAAAACAACAAAAATAAATTAAAAAACACCA,AACATTTCAACCTAACCATAAAAACGACGAAAATAAATTAAAAAACGCCG,I,A,Red,,,,,,,chr3:195489669-195489943,Island,CCTGCACCGCAACGCGGCTTCCCGCCCACCTCGCTGCTCCCGGTGCGGGGAGGGGGCGGC[CG]GCGCTCCCCAACCTACCTCCGCCGTCTTCATGGTCAGGCTGAAATGTCACAGTCTGGTTA,GACATTTCAGCCTGACCATGAAGACGGCGGAGGTAGGTTGGGGAGCGCCG,,,MUC4;MUC4;MUC4,NM_018406;NM_138297;NM_004532,Body;Body;Body,,,,3:196974294-196975705,,,,0
49,87619,cg18918831,0.00029622917158078887,1.4133692804810476,0.2038147,True,0.001151404409689194,cg18918831,chr3,195489782,-,cg18918831,44724413,,RTCTTCATAATCAAACTAAAATATCACAATCTAATTATCCAACAAAACAC,,II,,,,,,,,,chr3:195489669-195489943,Island,CTACCTCCGCCGTCTTCATGGTCAGGCTGAAATGTCACAGTCTGGTTATCCAGCAGGACA[CG]GATTGCGTCGTGAGGCTCAAGGAGCCATTGGACCTGGAAGGAGATGGGAGGGGGCCTGAG,TCTTCATGGTCAGGCTGAAATGTCACAGTCTGGTTATCCAGCAGGACACG,,,MUC4;MUC4;MUC4,NM_018406;NM_138297;NM_004532,Body;Body;Body,,,,3:196974294-196975705,,,,0
50,88584,cg10864200,0.013528762916109341,1.4652621713019969,0.2371823500000001,True,0.022143543510809105,cg10864200,chr4,720809,-,cg10864200,14630452,57808353.0,CCATTATTCTAAAATTAAATAACATATAAAAACATATATACACTCCTACA,CCGTTATTCTAAAATTAAATAACGTATAAAAACGTATATACGCTCCTACG,I,T,Red,,,,,,,chr4:724335-726070,N_Shelf,CCACCAGACTTGCCGTTGTTCTGGAATTGAGTGGCGTGTGGGAACGTGTGTGCGCTCCTG[CG]TCTGCCCCTCTCCCCTGTGGGATCGTGGGCACCTGCGTTGCTCACTCTCACTGCCGAGCC,CGCAGGAGCGCACACACGTTCCCACACGCCACTCAATTCCAGAACAACGG,,,PCGF3,NM_006315,5'UTR,,,True,4:710762-710879,,,True,0
52,92083,cg14900909,0.002201715191093737,1.6162668559877458,0.341052,True,0.005396894656958319,cg14900909,chr4,7735312,-,cg14900909,47622405,73707479.0,TTCACCTCTAATAAAACTAAAAACCCACCCAAATCAAACACAAAACCACA,TTCGCCTCTAATAAAACTAAAAACCCACCCAAATCAAACGCAAAACCGCG,I,C,Grn,rs2285774,0.295858,,,,,,OpenSea,TCCTGGTGGGTGTTCGCCTCTGATGGAACTGAGAACCCACCCAGGTCAGACGCAGGACCG[CG]CTCTCCCTCTGCGGATGCCCCATGGAGCACTGCTCTTACCTGATACCCACGCTTCGGGTC,CGCGGTCCTGCGTCTGACCTGGGTGGGTTCTCAGTTCCATCAGAGGCGAA,,,SORCS2,NM_020777,Body,,,,4:7786202-7786276,,,,0
53,92637,cg01394167,4.57017489883669e-06,2.0641378566079007,0.32786380000000004,True,4.3141465002396925e-05,cg01394167,chr4,9479622,-,cg01394167,12717498,,TCTCAAACACCTAAAAACTTTTAAAATTATTATTCTTTATCAATCTCCAC,,II,,,,,,,,,,OpenSea,ATCCAGGTCCGTCTCAAGCACCTAAGAACTTTTGGAATTATTGTTCTTTGTCAGTCTCCA[CG]GAACACTCCCCTCCTGCCTGTTCCCAAGCCACGGACCAAGGACTACCGGACGGTACAGGA,CTCAAGCACCTAAGAACTTTTGGAATTATTGTTCTTTGTCAGTCTCCACG,,,,,,,,,4:9088613-9089054,,,,0
54,93892,cg03461641,0.01986427952058131,1.3435142853686446,0.21722659999999994,True,0.030070255243077257,cg03461641,chr4,26454190,+,cg03461641,53675378,,CTTTCTAACTCCATCACCAACAATAACTCAACCTATCTATACTATATATC,,II,,,rs9291484,0.020729,,,,,,OpenSea,GGGGGATTTTTAGTAGAGGGAATGAATCCTGGGGGGAAAAGGATGAAGTGGAGCCTTCCA[CG]ATACACAGCACAGACAGGCTGAGTTACTGCTGGTGATGGAGCCAGAAAGTCAAGGACGTA,TTTCTGGCTCCATCACCAGCAGTAACTCAGCCTGTCTGTGCTGTGTATCG,,,,,,,,True,,,,,0
56,96033,cg04118610,0.00020311583765781984,1.4126557521522232,0.2018127,True,0.0008577777460625636,cg04118610,chr4,62707027,-,cg04118610,24633384,,CTAAAAATTATTAATCRCTACCAAATTATTCCAATAAACTAAAAACTCAC,,II,,,,,,,,,,OpenSea,CTTAGGCATAACTGAAAATTGTTGATCGCTACCAGGTTATTCCAATAAGCTGGAGGCTCA[CG]TATTTGCATATAAATTAGGTCATTTCTTAAATTTCCATATATATTCTTAGGCCTTGCAAA,CGTGAGCCTCCAGCTTATTGGAATAACCTGGTAGCGATCAACAATTTTCA,,,LPHN3,NM_015236,Body,,,True,,,,,0
57,103742,cg04181038,0.019925642886055518,1.8057846816026413,0.2626933,True,0.03014595736304113,cg04181038,chr4,183730758,+,cg04181038,20636406,,CACCCTCACTACCAAAATCTTAAACTTAATAACCAACRAAACCTAATACC,,II,,,,,,,,,chr4:183729059-183729344,S_Shore,GACTGAACCCCAAGGGCACGCCTCACCAGTTCTCCCTCCTGGGCCCTGCCTGGTCCCTGG[CG]GCATCAGGCCTCGCTGGTCATCAAGTTCAAGACCCTGGCAGTGAGGGTGCCCAAAATGGT,ACCCTCACTGCCAGGGTCTTGAACTTGATGACCAGCGAGGCCTGATGCCG,,,,,,,,,,,,,0
58,104518,cg11969330,2.9140874448031206e-05,1.7089771085279295,0.3151245500000001,True,0.00018814465449002747,cg11969330,chr4,187125413,-,cg11969330,51688349,53786488.0,AAAAATAAAAACATTACACTAACATAAAAAATAACAATAAAAACACTACA,AAAAATAAAAACGTTACGCTAACGTAAAAAATAACGATAAAAACGCTACG,I,C,Grn,rs4997691,0.46669700000000003,,,,,,OpenSea,CCGCTAAGAGGTGGAGGTGGAGACGTTACGCTGGCGTAAGAGGTGGCGGTGGAGACGCTA[CG]CTGGCGTAAGACGCGGCGGTGGAGACGCTACGCTGGCGTAAGAGGCGGCGGTGGAGACGC,GGAGGTGGAGACGTTACGCTGGCGTAAGAGGTGGCGGTGGAGACGCTACG,,,CYP4V2,NM_207352,Body,,,,4:187362331-187362691,4:187125176-187126077,Unclassified_Cell_type_specific,,0
60,114148,cg06532574,1.4022679537667036e-24,1.4373733376310498,0.21744595000000005,True,2.6958705027023528e-21,cg06532574,chr5,95295740,+,cg06532574,44605399,60630405.0,TACCAAACACTTTAAATACATAAAACAAAAACAAAATCTAAAACAAAACA,TACCAAACACTTTAAATACATAAAACGAAAACAAAATCTAAAACAAAACG,I,A,Red,,,,,,,chr5:95296368-95297438,N_Shore,ATGGGGTGGGGGGGCTCTCTGAATACACTCCCAGTAAACCAGGGTTCACACCTCTCCTGC[CG]CTCTGCCTCAGACTCTGCCTTCGCTCTATGTATTTAAAGTGCCTGGCACTAGTGGGAGCT,TGCCAGGCACTTTAAATACATAGAGCGAAGGCAGAGTCTGAGGCAGAGCG,,,ELL2,NM_012081,Body,,RDMR,,,5:95295112-95297295,Promoter_Associated,,0
61,114178,cg11847992,4.236728788275228e-28,1.645978310451634,0.22275845,True,2.3288224048892747e-24,cg11847992,chr5,95590917,+,cg11847992,43611480,,ACAAAAACTATTTCCTACATTTATTTTAACACATATCATAAAACAACATC,,II,,,,,,,,,,OpenSea,AGTAAATAGCAGGCATGTTTCAGGAGAAACTCCAGCCAGGGCTGTTGGGTTGAACTTTAT[CG]ATGCTGCTTCATGATATGTGTCAAAATAAATGCAGGAAACAGCTTTTGCCTCAAAGCTTG,CGATGCTGCTTCATGATATGTGTCAAAATAAATGCAGGAAACAGCTTTTG,,,,,,,,True,,,,,0
62,114729,cg17395555,2.331872813486383e-06,1.6247005577895497,0.20658735,True,2.5216338904032063e-05,cg17395555,chr5,108820864,-,cg17395555,13802506,,CTCCAAAAACATACTAAACTCTACCTAACTCAAAACCAAATTTAAATAAC,,II,,,rs11748201,0.251325,,,,,,OpenSea,CCCCCCATTGCCTCCAGGAACATGCTAAGCTCTGCCTGGCTCAAAGCCAAGTTTGGATGG[CG]TCCACGAGGCCACTGAGCAAGCGGCTTTGAAAGATCATGCTGTCGCACTGGCAGTCAGGA,CGCCATCCAAACTTGGCTTTGAGCCAGGCAGAGCTTAGCATGTTCCTGGA,,,,,,,,True,,,,,0
63,115571,cg01256539,1.9138296636096757e-21,1.391211559198087,0.2046395,True,1.5560591437235097e-18,cg01256539,chr5,119802022,+,cg01256539,28753486,61738484.0,TTCCACATCACCCATAAAAACCTCACCAACTATTAAACACAATTCTACCA,TTCCACATCGCCCATAAAAACCTCACCAACTATTAAACACAATTCTACCG,I,A,Red,,,,,,,chr5:119799821-119800148,S_Shore,TAGACTGTGTTTTCATCTGAAACATGGCGTTTTAAAAAATGAAATTGGGCATGTTCCTTT[CG]GCAGAATTGTGCTTAATAGTTGGTGAGGTTTCTATGGGCGATGTGGAAAACCTACAGCGG,CGGCAGAATTGTGCTTAATAGTTGGTGAGGTTTCTATGGGCGATGTGGAA,,,PRR16,NM_016644,5'UTR,,RDMR,,,,,,0
64,127369,cg16867657,1.6259619772595605e-55,1.4187962799732052,0.2284156999999999,True,6.345625549031115e-50,cg16867657,chr6,11044877,+,cg16867657,57761335,17685408.0,TCTAAACAACAAATAAATATTCCTAAAACTCCATAAACATTAAACCACCA,TCTAAACAACGAATAAATATTCCTAAAACTCCGTAAACGTTAAACCGCCG,I,C,Grn,,,,,,,chr6:11043913-11045206,Island,CCGCGGCGTCCCCTGCCGGCCGGGCGGCGATTTGCAGGTCCAGCCGGCGCCGGTTTCGCG[CG]GCGGCTCAACGTCCACGGAGCCCCAGGAATACCCACCCGCTGCCCAGATCGGCAGCCGCT,CGGCGGCTCAACGTCCACGGAGCCCCAGGAATACCCACCCGCTGCCCAGA,,,ELOVL2,NM_017770,TSS1500,,,,6:11151611-11153237,6:11044102-11044892,Unclassified_Cell_type_specific,True,0
65,128237,cg10154826,0.0011905825004550961,2.3403770731718634,0.20227235000000005,True,0.0033633310269808674,cg10154826,chr6,17600994,+,cg10154826,53620329,,AAACCRCTATACCAAATAAAATAACCRCAATAAAACTACCACAACCACTC,,II,,,,,,,,,chr6:17600382-17601397,Island,CGCGGCGCCACGAGAGAGACCAGCTCGGCTGAGCGCCCGCGAGTACTCCCGGCAAGTGCA[CG]AGTGGCTGTGGCAGTCCTACTGCGGCTACCTCACCTGGCACAGCGGCCTGGCCGCCTTCC,GGCCGCTGTGCCAGGTGAGGTAGCCGCAGTAGGACTGCCACAGCCACTCG,,,FAM8A1,NM_016255,1stExon,,,,6:17708182-17709376,6:17599939-17601701,Promoter_Associated,,0
66,128772,cg10482057,1.629777204024666e-09,1.7338779819146468,0.20701975,True,6.499606781499104e-08,cg10482057,chr6,24583614,-,cg10482057,28604348,,CTACTTTACATCATCAAAAATTTATAACTTTCCATCCTAACCAATTAAAC,,II,,,,,,,,,,OpenSea,CCTCTCCTGATCTGCTTTGCATCATCAGAAATTTATGACTTTCCATCCTGACCAATTAAA[CG]ATATATACTGTATTTAATTTCCTAGATTCTTACTCCATTTGAAACTATTTCAACAAATGT,CGTTTAATTGGTCAGGATGGAAAGTCATAAATTTCTGATGATGCAAAGCA,,,KIAA0319;KIAA0319;KIAA0319;KIAA0319;KIAA0319,NM_001168375;NM_001168374;NM_014809;NM_001168377;NM_001168376,Body;Body;Body;Body;Body,,,,,,,,0
67,131372,cg15570656,0.023779372491352653,1.3131214408375078,0.20036295000000004,True,0.034754227732027014,cg15570656,chr6,29648628,+,cg15570656,35691370,,TCTAAAATATATCCAAATACCCTATCCACTATAAACACTCTAAAAATTCC,,II,,,,,,,,,,OpenSea,CAGAATCTTCCTTCTGGGATGCCGACTTTTTCAACACGTGCCAGGAGCCCTTCCTCGGCC[CG]GAATCCCCAGAGTGCCCACAGTGGACAGGGCACCTGGATACACCCCAGACTAACCCACGT,CTGGGGTGTATCCAGGTGCCCTGTCCACTGTGGGCACTCTGGGGATTCCG,,,,,,,,,6:29756034-29757072,6:29648152-29649066,Unclassified_Cell_type_specific,,0
69,141497,cg03849834,1.635077462651654e-05,1.4250935780999343,0.2677274000000001,True,0.00011917898628608751,cg03849834,chr6,41195891,+,cg03849834,32680309,,AAAATCTATCTCTAAACCTAAACACCTCAACCCTACTATATTACTCTACC,,II,,,rs2170888,0.076395,,,,,,OpenSea,AGCAGTATGACTGGCTGGAAGGCATAAAGCAGCAGACATGGGGAGAAGTTCAGTGAAAGG[CG]GCAGAGCAACACAGCAGGGCTGAGGTGCCCAGGCCCAGAGACAGACCCTGTAGCTGGTGG,CGGCAGAGCAACACAGCAGGGCTGAGGTGCCCAGGCCCAGAGACAGACCC,,,TREML4,NM_198153,TSS200,,,,,,,,0
70,147172,cg02872426,2.8615708077347037e-28,1.6923520994154415,0.22630965000000006,True,1.6668393694982317e-24,cg02872426,chr6,110736772,+,cg02872426,51734359,,AAAAACCAAAAAAAATATCCTAAATCAAATCACCAATAAAAATCAATTTC,,II,,,,,,,,,,OpenSea,GCACCAAACCTTGTTTCCCAGTGCCTGGCTGGTCTCATGCCCTGAGAGACAGAGAGAAAG[CG]AAACTGATTCCCATTGGTGACTTGATTCAGGACATTCCCCCTGGTCTTCCTTTCCATTGG,AAGACCAGGGGGAATGTCCTGAATCAAGTCACCAATGGGAATCAGTTTCG,,,DDO;DDO,NM_003649;NM_004032,TSS200;TSS200,low-CpG:110843441-110843473,,True,,,,True,0
71,149469,cg08823985,2.1121117855771397e-09,1.4988994272841245,0.2410583500000001,True,8.079249655000404e-08,cg08823985,chr6,137366545,-,cg08823985,37602341,,TACRCTATATAATACAAACTATTATTTACTCCTAAACTACAAACCTATAC,,II,,,,,,,,,chr6:137365299-137366126,S_Shore,TCTTACACGCCTACGCTATATGGTACAGGCTGTTGTTTGCTCCTAGGCTACAAACCTGTA[CG]GCAAGTGACCATACTGAATACTGCAAGCAATTGTAACACAATGGTAAATATTTGTGTATC,ACGCTATATGGTACAGGCTGTTGTTTGCTCCTAGGCTACAAACCTGTACG,,,IL20RA,NM_014432,TSS1500,,,,,,,,0
72,155131,cg15279541,0.0076831373670031705,1.492825842250483,0.21347875000000005,True,0.014180276357063964,cg15279541,chr6,171036378,+,cg15279541,46670416,,CACTAATATTCACCTTAACCTAACTTCTCTAAACCTCAAATTCCTCATCC,,II,,,,,,,,,chr6:171033351-171033942,S_Shelf,GCAACGATGAGCTCTCCTGCTTAGTGCTGATGTGCCTCAGCCCCTAACCCCACTGGTGTC[CG]GATGAGGAACTTGAGGCTCAGAGAAGCTAGGTCAAGGTGAACACCAGTGTTGAGTTTCAG,ACTGGTGTTCACCTTGACCTAGCTTCTCTGAGCCTCAAGTTCCTCATCCG,,,,,,,,,,,,,0
73,155158,cg01156747,0.0017401789991889547,2.043120934008288,0.4464652,True,0.004503153760056897,cg01156747,chr7,120659,-,cg01156747,66693419,,ACTTATTCCTAAATAACTCCRACACATAAACTAAAAACACTACACTCACC,,II,,,,,,,,,chr7:120519-120758,Island,CAAGTTCAGGAGCTTGTTCCTAGGTGACTCCGGCACATAGGCTGGAAACACTACACTCAC[CG]GGGGCTCAGCCCCGCACACCTGTGTGGGGAGGGAGCGGGGAGCGTCGGGGAAGAAGGAGG,CTTGTTCCTAGGTGACTCCGGCACATAGGCTGGAAACACTACACTCACCG,,,,,,,,True,7:215603-215824,,,,0
75,158691,cg07249765,0.00028004092558565425,2.061001157671709,0.50760115,True,0.001102460225426067,cg07249765,chr7,4244643,-,cg07249765,70658310,61610380.0,TAAAATACAAAAATACAACCACACCCCTAATAACAATATAATAAAACACA,TAAAATACGAAAATACGACCACACCCCTAATAACGATATAATAAAACGCG,I,A,Red,rs870394,0.063586,,,,,,OpenSea,ATGGCTGTGTGGTGAGGTGCGGAGGTGCGGCCACACCCCTAATGGCGGTGTGGTAAGGCG[CG]GAGGTGCGGCCGCAACATCCTCATGTGTCCTTTGGTTTGCGTGTGCCATGCAGCCCTGCA,CGCGCCTTACCACACCGCCATTAGGGGTGTGGCCGCACCTCCGCACCTCA,,,SDK1;SDK1,NR_027816;NM_152744,Body;Body,,,,7:4210710-4211211,,,,0
76,159037,cg06491590,0.0012643914022302226,1.4196193378594135,0.21256875000000008,True,0.003522347943901056,cg06491590,chr7,4855406,+,cg06491590,35796438,,CTACAAAACTCAAAAACACTAACCACTCCCAACCAAAACCACTATAAAAC,,II,,,rs1387561,0.275091,,,,,chr7:4855990-4856212,N_Shore,GGACCCTCTCCCACTCCCAGACACATGTGCCGGGGGCCTGCCCCCACCTGGGTCTCCCCA[CG]CCCCACAGTGGCCCTGGCTGGGAGTGGCCAGTGCTCCTGAGCCCTGCAGGTGATGGGGGA,CGCCCCACAGTGGCCCTGGCTGGGAGTGGCCAGTGCTCCTGAGCCCTGCA,,,RADIL,NM_018059,Body,,,,,,,,0
77,163674,cg09124496,2.051313482653966e-28,1.3873436127328045,0.20021709999999995,True,1.2707366056537787e-24,cg09124496,chr7,41735851,+,cg09124496,37658314,45765329.0,CATCAACAATACTAATTTACTCACAAATCTCTCCCTAATACAATCTCCCA,CATCAACGATACTAATTTACTCACAAATCTCTCCCTAATACGATCTCCCG,I,A,Red,,,,,,,,OpenSea,ATAAGGCAGGAAAACTAGGCAACAAAATCAGGGGAGATGGAAGATGTTTTTGTTACGACC[CG]GGAGACCGTATTAGGGAGAGACTTGTGAGCAAATCAGTATCGCTGATGATTCATAGTCAC,CATCAGCGATACTGATTTGCTCACAAGTCTCTCCCTAATACGGTCTCCCG,,,LOC285954;LOC285954;INHBA,NR_027118;NR_027119;NM_002192,Body;Body;Body,,,True,,7:41735612-41736661,Unclassified,,0
78,165642,cg21634283,0.003557864424735986,2.1342880565769047,0.45596945,True,0.007803413123382034,cg21634283,chr7,57071676,-,cg21634283,56729510,10693355.0,AAAACAAAACCAAAAAATCCAAAAACAACAACAACAACAACAATAACTCA,AAAACGAAACCGAAAAATCCGAAAACAACAACAACAACAACAATAACTCG,I,A,Red,rs187876791,0.3164,,,,,chr7:57071951-57072386,N_Shore,CCCAGGCTGAGCAGGACGGGGCCGAAGAGTCCGAGAGCAGCAGCAGCAGCAGCAGTGGCT[CG]GAGACAGAAGGGGAGGAGGAAGGCGACAAGAACGGGGACGGGGGCTGCGGCGCCGGGGGC,AGGACGGGGCCGAAGAGTCCGAGAGCAGCAGCAGCAGCAGCAGTGGCTCG,,,,,,high-CpG:57075618-57075619,,,7:57075237-57076328,,,True,0
79,168076,cg08714590,0.00010957848169466296,1.3501206878918826,0.21054315000000007,True,0.0005306501062684401,cg08714590,chr7,90895894,+,cg08714590,12690339,,ATAAAAACAAAAAATAACRTAACTCTTACAACTCTAAACCACCCAACTAC,,II,,,rs2232161,0.016677,,,,,chr7:90893567-90896683,Island,CCAGCCACCATCGTCATCGCCTGCTACTTCTACGAGCAGGCCTTCCGGGACCAGTGGGAA[CG]CAGCTGGGTGGCCCAGAGCTGCAAGAGCTACGCTATCCCCTGCCCTCACCTCCAGGCGGG,CGCAGCTGGGTGGCCCAGAGCTGCAAGAGCTACGCTATCCCCTGCCCTCA,,,FZD1,NM_003505,1stExon,,,True,7:90731390-90734266,,,,0
80,177653,cg04090468,9.695895325713602e-05,1.6224250237876454,0.26721920000000005,True,0.0004826540016416992,cg04090468,chr7,156181990,-,cg04090468,26611369,,TCCTCCAACTAATATCCCTACCCTCCTATAATCCTATAAACRATAAAAAC,,II,,,,,,,,,,OpenSea,CCGGCAGTCCTTCCTCCAGCTGGTGTCCCTGCCCTCCTGTGGTCCTGTGGGCGGTGAGGG[CG]GTGAGGACAGTGGGCAGCAGCCCCGGTGCTCTGGCTAGAAGCCACCTGCACCCACCGTGC,CGCCCTCACCGCCCACAGGACCACAGGAGGGCAGGGACACCAGCTGGAGG,,,,,,,,,7:155874398-155875069,,,,0
81,179755,cg23958373,4.6602743127360297e-07,1.5198809909996962,0.30128975,True,6.875034176735724e-06,cg23958373,chr8,599963,+,cg23958373,63742307,49678344.0,AAACACAATCCAAAATACTCAAACTCTACAACCCCAAATACCAAATATCA,GAACGCGATCCGAAATACTCAAACTCTACAACCCCAAATACCAAATATCG,I,C,Grn,,,,,,,chr8:599904-600309,Island,GACGTGACAGGACCGGGCCTGGGGAAGCGTGTGCTGGCGTCAGGGAGAAGACGGCAGCCG[CG]ACATCTGGCACCTGGGGCTGCAGAGCCTGAGCACCCCGGACCGCGCCCGGCGAGGGCGGC,GGGCGCGGTCCGGGGTGCTCAGGCTCTGCAGCCCCAGGTGCCAGATGTCG,,,,,,,,,8:589905-590858,,,,0
82,179756,cg07234876,1.008188246488256e-06,1.5939642187907683,0.3605895,True,1.2882739138521548e-05,cg07234876,chr8,600039,+,cg07234876,35675416,34742497.0,TTATTCTTCTAAACCAACACAAAAACCAAAAACAAAACACACAAATCACA,TTATTCTTCTAAACCGACACGAAAACCGAAAACAAAACACGCAAATCGCG,I,C,Grn,,,,,,,chr8:599904-600309,Island,GGGCTGCAGAGCCTGAGCACCCCGGACCGCGCCCGGCGAGGGCGGCCTCCCTGCGCTGAG[CG]CGACCTGCGTGTCCTGCTCTCGGCTTTCGTGCCGGTTCAGAAGAACAAGGCCGGAAGGTT,CGCGACCTGCGTGTCCTGCTCTCGGCTTTCGTGCCGGTTCAGAAGAACAA,,,,,,,,,8:589905-590858,,,,0
83,180291,cg00154902,0.0010554466996566957,1.6353826783583276,0.27561220000000003,True,0.0030676914050354054,cg00154902,chr8,1245703,-,cg00154902,59771461,71747396.0,TTTCATATAATAAAAAACATAACATACACAAACAAACACCACACAAAACA,TTTCATATAATAAAAAACGTAACATACGCGAACAAACACCACGCGAAACG,I,A,Red,,,,,,,chr8:1245671-1246464,Island,TTAAATCATGTATTTCATGTGGTGAGAAACGTGGCATGCGCGAACAGACACCACGCGAGA[CG]GAGGAGAAAGGTGGCATGCGTGAACAGACACTACACGAGACAGGGAGGAGAAACGTGGCA,TTTCATGTGGTGAGAAACGTGGCATGCGCGAACAGACACCACGCGAGACG,,,,,,,,,8:1233079-1233850,,,,0
86,190872,cg00191853,0.00019941945855096152,1.5563403945179433,0.2194588999999999,True,0.0008458470473011402,cg00191853,chr8,101177733,-,cg00191853,12637469,,CTTAAAAAAAACCTTTAACATAATAACRCCRAAAAAAACCCAAAACCCAC,,II,,,,,,,,,,OpenSea,CTCAGAGTGATCTTAAAGGAAACCTTTGACATGGTGGCGCCGGGAGGAACCCAGAACCCA[CG]CCAACTCCGCGGAGCAACCCCACTTCCTCCACGGTGCCGGGGACCACACCGCCCCACTCA,TTAAAGGAAACCTTTGACATGGTGGCGCCGGGAGGAACCCAGAACCCACG,,,SPAG1;SPAG1,NM_003114;NM_172218,Body;Body,,,,8:101246886-101246943,,,,0
89,201683,cg04282082,0.0001833212211569456,1.6491118198345822,0.3177828500000001,True,0.0007924076622621965,cg04282082,chr9,124988720,-,cg04282082,18690334,,TACAAAAAATCTCCTTATTCTTAATATAACAACTATTCTACTACCTCAAC,,II,,,,,,,,,chr9:124987743-124991086,Island,GTAGTCCATCTTGCAGAAGATCTCCTTGTTCTTGATGTAGCAGCTGTTCTGCTGCCTCAG[CG]ACGTGCGACACACGGAGCACTCGAGGCACCGCACGTGCCAGATGAGGTTGTTGACCTGGG,CGCTGAGGCAGCAGAACAGCTGCTACATCAAGAACAAGGAGATCTTCTGC,,,LHX6;LHX6,NM_199160;NM_014368,Body;Body,,,,9:124027609-124028731,,,,0
90,201685,cg21469772,4.370624721663376e-06,1.4001154467829258,0.23744195,True,4.164760571097871e-05,cg21469772,chr9,124989294,-,cg21469772,18728448,,CATAAAAAAACCTAACCCTCRTCCTTATCCAAAACTCCTACCAAAACCTC,,II,,,,,,,,,chr9:124987743-124991086,Island,TGCTGGGCGTACATGGGGAGGCCTGACCCTCGTCCTTGTCCAGAGCTCCTGCCAGGGCCT[CG]GCGTCAGACTGAGCCTGCGGCGGGGGAGAGAAGGAGAGGAGCGCTGATCCGGGCACCCAG,ATGGGGAGGCCTGACCCTCGTCCTTGTCCAGAGCTCCTGCCAGGGCCTCG,,,LHX6;LHX6,NM_199160;NM_014368,Body;Body,,,,9:124028781-124029683,9:124988970-124989731,Unclassified_Cell_type_specific,,0
91,201686,cg13571460,4.529033379402676e-06,1.3934865729309227,0.2546850500000001,True,4.2842216543764766e-05,cg13571460,chr9,124989337,+,cg13571460,49804342,67685420.0,CCCCAAATTTATCTCCAAAACAACCCCAACTCTAAATACCCAAATCAACA,CCCCAAATTTATCTCCAAAACAACCCCAACTCTAAATACCCGAATCAACG,I,C,Grn,,,,,,,chr9:124987743-124991086,Island,AGCTCCTGCCAGGGCCTCGGCGTCAGACTGAGCCTGCGGCGGGGGAGAGAAGGAGAGGAG[CG]CTGATCCGGGCACCCAGAGTTGGGGCTGCCTTGGAGACAAATCTGGGGCCCCCGAGCACC,CCCCAGATTTGTCTCCAAGGCAGCCCCAACTCTGGGTGCCCGGATCAGCG,,,LHX6;LHX6,NM_199160;NM_014368,Body;Body,,,,9:124028781-124029683,9:124988970-124989731,Unclassified_Cell_type_specific,,0
92,201687,cg13862711,1.0216463506453467e-05,1.6174799498703918,0.3422834000000001,True,8.217917053877094e-05,cg13862711,chr9,124989915,-,cg13862711,48754413,,AATAAATCCTAACTTTATAATAAACATTTAAAACCCTTCCCCACAAAAAC,,II,,,,,,,,,chr9:124987743-124991086,Island,CGGCGCCGAACAATGAGTCCTAACTTTGTAGTGGGCATTTAAAGCCCTTCCCCACAAAAG[CG]GTGTCTCTCTAATGAAGCAATTTGAATTTGGATTGGATTTTTTCCCTCTCTCTCCCCCTC,ATGAGTCCTAACTTTGTAGTGGGCATTTAAAGCCCTTCCCCACAAAAGCG,,,LHX6;LHX6,NM_199160;NM_014368,Body;Body,,,,,,,,0
93,201688,cg03363289,4.055135176522388e-06,1.4958958862909566,0.21757675000000004,True,3.9240126706657804e-05,cg03363289,chr9,124990165,-,cg03363289,38712354,,AATAACCAAAATATCAATTCCAACTATCAATCAATAAAATCCATCAAACC,,II,,,,,,,,,chr9:124987743-124991086,Island,CCAAGATAAGAGGTAGCCAGAGTGTCAATTCCAACTGTCAATCAGTGAGATCCATCAGGC[CG]CCCAAAGAATTGCAAATTTGATTTTTTAATGGTAGTAATTAAAAATCGAATTTTTTCTCT,CGGCCTGATGGATCTCACTGATTGACAGTTGGAATTGACACTCTGGCTAC,,,LHX6;LHX6,NM_199160;NM_014368,Body;Body,,,,,,,,0
94,210626,cg24892069,3.8366536116436734e-27,1.671004066270568,0.2522698499999999,True,1.5597155920443383e-23,cg24892069,chr10,33562205,-,cg24892069,15802312,,TTTTAACACTTCCCTTCAAAATACTATCCAACAAAACCCCAAATAATATC,,II,,,,,,,,,,OpenSea,GGCTGCTATCGTTTTAGCACTTCCCTTCAAAGTACTATCCAACAGGGCCCCAAATAGTAT[CG]CAAATAGCAGCTCCTGTAAATATTCAGGAGGGTGTACTGCGCACAAGTTGCAGAGGGGAG,TTTAGCACTTCCCTTCAAAGTACTATCCAACAGGGCCCCAAATAGTATCG,,,NRP1;NRP1;NRP1,NM_001024628;NM_003873;NM_001024629,Body;Body;Body,,,True,,,,True,0
95,221398,cg27245056,4.329623662950345e-06,1.4221083456559696,0.20335879999999995,True,4.1344733106167714e-05,cg27245056,chr10,122356491,+,cg27245056,54659507,,TCTCTATTATATATATATCTACATATATATACACACATATATACACATAC,,II,,,,,,,,,,OpenSea,AGTTTCAGGAAATGATGGACCCAGCCTTCCTTAAAAAGAGGAGTCAGATACCTCCTTGCA[CG]CATGTGCACACATGTGTGTACACACATGCAGACACACACACAATAGAGATTGTCTAAAGG,CGCATGTGCACACATGTGTGTACACACATGCAGACACACACACAATAGAG,,,,,,,,,,,,,0
97,226138,cg07314988,5.1637146800755105e-05,1.5315841049626002,0.27481245,True,0.00029529456582583186,cg07314988,chr11,289774,+,cg07314988,52700459,,TCCTCCATAAAACTACTAAACCTAAACRACCTAATAAAATATCAAAAACC,,II,,,,,,,,,chr11:289771-290010,Island,TTCTGAGGGAGGCTTCAGGGGATTACAGACGGTCTCAAGAGGGAGGCCCAGCCAGTCCCG[CG]GCCCCTGACACCCCATCAGGCCGCTCAGGCCCAGCAGCTCCATGGAGGACGCCGGCGAGG,CGGCCCCTGACACCCCATCAGGCCGCTCAGGCCCAGCAGCTCCATGGAGG,,,ATHL1,NM_025092,5'UTR,,,,11:277651-280146,,,,0
98,226139,cg10261205,8.845259039131517e-05,1.317336951250487,0.2059609,True,0.00044950961847242476,cg10261205,chr11,289927,-,cg10261205,39679412,56734499.0,TCTCTTAACCACTATAACCAACACATACCTAAACACACAAATATTTCACA,TCTCTTAACCACTATAACCAACGCATACCTAAACACACGAATATTTCACG,I,A,Red,,,,,,,chr11:289771-290010,Island,CAGTGACCCCCGTCTCTTGGCCACTGTGACCAACGCATACCTGGGCACACGAGTGTTTCA[CG]ACACGCTGCACGTGAGCGGCGTGTACAATGGGGCTGGCGGGGACACGCACCGGGCCATGC,TCTCTTGGCCACTGTGACCAACGCATACCTGGGCACACGAGTGTTTCACG,,,ATHL1,NM_025092,Body,,,,11:277651-280146,,,,0
99,226140,cg10411146,5.5142861155103574e-05,1.2920022312396346,0.20494235000000005,True,0.00031088726695088504,cg10411146,chr11,289966,-,cg10411146,46774396,68631482.0,AATATTTCACAACACACTACACATAAACAACATATACAATAAAACTAACA,AATATTTCACGACACGCTACACGTAAACGACGTATACAATAAAACTAACG,I,A,Red,,,,,,,chr11:289771-290010,Island,CCTGGGCACACGAGTGTTTCACGACACGCTGCACGTGAGCGGCGTGTACAATGGGGCTGG[CG]GGGACACGCACCGGGCCATGCTGCCCAGCCCCCTCAACGTCCGGCTGGAGGCCCCTGCAG,AGTGTTTCACGACACGCTGCACGTGAGCGGCGTGTACAATGGGGCTGGCG,,,ATHL1,NM_025092,Body,,,,11:277651-280146,,,,0
100,226298,cg17165241,0.00024255119358289838,1.4373293193459835,0.25792415,True,0.0009855100546412793,cg17165241,chr11,400385,+,cg17165241,69692400,23810364.0,CCACATCCAAAACATAATTAATAAAAATAACCAAAACATCCACCAACCCA,CCGCGTCCAAAACGTAATTAATAAAAATAACCAAAACGTCCACCAACCCG,I,T,Red,,,,,,,chr11:400096-400757,Island,GGTCCCCAGGAACCTCAGCTCAGCCTCTCAGGCCACTCGCCAGAAGATGCGGGAGTGCCA[CG]GGCTGGTGGACGCCCTGGTCACCTCTATCAACCACGCCCTGGACGCGGGCAAATGCGAGG,CGGGCTGGTGGACGCCCTGGTCACCTCTATCAACCACGCCCTGGACGCGG,,,PKP3,NM_007183,Body,,,,11:390097-393791,11:400119-400419,Unclassified,True,0
101,226646,cg06299284,2.1718678976986645e-05,1.759852750975959,0.2560037000000001,True,0.00014925912385837855,cg06299284,chr11,636659,-,cg06299284,29742341,48790404.0,ATTTCAAAAACAACCACACAAAAATCAACTATACAACAAATAAAACCACA,ATTTCGAAAACGACCACGCGAAAATCAACTATACAACGAATAAAACCGCG,I,A,Red,,,,,,,chr11:636435-636668,Island,GCTGTCCGCCCAGTTTCGGAGGCGGCCACGCGAGGATCAACTGTGCAACGGGTGGGGCCG[CG]GCTGACCGTGGTGGTCGCGGGGGCTGAGGGCCAGAGGCTGCGGGGGGGGGGCGGCGGGAT,CGCGGCCCCACCCGTTGCACAGTTGATCCTCGCGTGGCCGCCTCCGAAAC,,,DRD4,NM_000797,TSS1500,,,,11:626436-627821,,,,0
102,230790,cg23744638,1.3201670003076246e-33,1.4485830822691852,0.2331232,True,3.680144678878974e-29,cg23744638,chr11,10323902,-,cg23744638,35611335,14763344.0,CACAAAACTTTAAAAAACACTCTAACCCCTACTACTCACCCATACAAACA,CACGAAACTTTAAAAAACACTCTAACCCCTACTACTCACCCATACAAACG,I,A,Red,rs7935257,0.072212,,,,,chr11:10324353-10324828,N_Shore,TCGACTTAAACCCACGAAGCTTTGGGGAGCACTCTAGCCCCTGCTACTCACCCATGCAAG[CG]GGGTGCGCGCTCGCGCACACACTCACTCACTCCAAGATAGGGGCTTTCTAGGAAAATACT,CACGAAGCTTTGGGGAGCACTCTAGCCCCTGCTACTCACCCATGCAAGCG,,,,,,,,,,,,,0
104,252194,cg10578777,1.0918525396824628e-08,1.69727510698266,0.3874903500000001,True,3.200271864884229e-07,cg10578777,chr12,7781093,+,cg10578777,72761345,11607503.0,CCTAAAAAACTAACAAAACCCAACAATCAAAACAACCTCTATCATAAACA,CCTAAAAAACTAACAAAACCCAACGATCAAAACGACCTCTATCGTAAACG,I,C,Grn,rs149266175,0.0234,,,,,chr12:7781003-7781248,Island,TGCCTGGCAACGGGAGGCGACGCCCGGATTGAGAGAGAGTAGGTGGGTGCATTGGGTGAG[CG]CCCACGACAGAGGCCGTTTTGACCGTTGGGCCTTGTCAGTTCCTTAGGACTCGCCTGGGT,CGCCCACGACAGAGGCCGTTTTGACCGTTGGGCCTTGTCAGTTCCTTAGG,,,,,,,,,12:7672271-7672723,,,,0
105,252196,cg25828445,2.8519947917176313e-09,1.4878442818346986,0.3010459500000001,True,1.0404235888660013e-07,cg25828445,chr12,7781288,-,cg25828445,43766411,,RATTAAACCRTATAAATTACTAAAACTCACCTAAATCTCCAATCAATACC,,II,,,rs73260715,0.197712,,,,,chr12:7781003-7781248,S_Shore,GTGGTTTTGACGGTTGGGCCGTGTGAGTTGCTAGGACTCACCTGGGTCTCCAGTCAGTGC[CG]GGCTGCCGCCCCTGCCGCCGCCGCCGCCGCCCCTGCCGCCGCCGCCGCCGCCGCCGCCCC,GTTGGGCCGTGTGAGTTGCTAGGACTCACCTGGGTCTCCAGTCAGTGCCG,,,,,,,,,12:7672271-7672723,,,,0
106,253014,cg25108548,5.396188659756607e-07,1.6541664704534254,0.20837230000000007,True,7.750497394577327e-06,cg25108548,chr12,13196954,+,cg25108548,18734416,,CTACCTAAATCACTTACTAACTAAACCATCTTAAACAAATCCCTTAAAAC,,II,,,rs1872625,0.355616,,,,,chr12:13197238-13197781,N_Shore,TTGCAAGCTTGTGAAGTAGGTAGTATGTCTTTAATTAAAAAAAAGCAGCGGCAGCTCAGT[CG]CCCCAAGGGACTTGCCCAAGATGGCCCAGCTAGTAAGTGATTCAGGCAGGATTCAAATCC,CGCCCCAAGGGACTTGCCCAAGATGGCCCAGCTAGTAAGTGATTCAGGCA,,,KIAA1467,NM_020853,TSS1500,,,,,12:13196627-13198074,Promoter_Associated_Cell_type_specific,,0
107,262106,cg08993878,1.2948120965429874e-17,1.649622506578345,0.28314569999999994,True,4.544289767137906e-15,cg08993878,chr12,98151379,-,cg08993878,70673495,,TTCCAAATATTATTTAAAACCCAAATTTCTCATATCATTTCCAACATTAC,,II,,,,,,,,,,OpenSea,TCTGCACTCACTTCCAAATATTATTTGAGACCCAAGTTTCTCATATCATTTCCAGCATTG[CG]TCATGATTTCAGTGCTTCTTGGCATATTTTGTTTTGGGCTTGAAATATTCTAGCTCATGC,CGCAATGCTGGAAATGATATGAGAAACTTGGGTCTCAAATAATATTTGGA,,,,,,,,,,,,,0
112,271969,cg05122437,0.005779481127528703,1.4152149879434628,0.20707305000000004,True,0.011359264322310074,cg05122437,chr13,30055092,+,cg05122437,54672479,,CTCTATAAATTCTAACAAATTATTAAACCATAAAAACTTAACTTTCTTCC,,II,,,,,,,,,chr13:30054342-30054558,S_Shore,CTCATGTAGTCCTCACAGTTCCCCTAACGAGGAAGGTACCATTCTTATTCCCATTTTACA[CG]GAAGAAAGCCAAGCCCCCATGGTTCAATAATTTGCCAGAATTCACAGAGCTGGCCATGGA,CGGAAGAAAGCCAAGCCCCCATGGTTCAATAATTTGCCAGAATTCACAGA,,,MTUS2;MTUS2,NM_015233;NM_001033602,Body;Body,,,,,,,,0
113,273895,cg15894389,1.8224546784983263e-28,2.1866623429991816,0.23072715000000005,True,1.205504347326887e-24,cg15894389,chr13,47470857,-,cg15894389,13643319,,CATTTATCTTCAAAATCCACACATAAAATACATTTATTATTCTATAACTC,,II,,,rs6312,0.084482,,,,,,OpenSea,ATGAGAACTTACATTTGTCTTCAGGGTCCACACATGAGATACATTTGTTATTCTGTGACT[CG]CTGCATCTCTCACAGTAATTAAACTGGTGTAGAGTCCCCTCTTCTTGATCTTCCACCAGC,ATTTGTCTTCAGGGTCCACACATGAGATACATTTGTTATTCTGTGACTCG,,,HTR2A;HTR2A;HTR2A,NM_001165947;NM_000621;NM_000621,1stExon;1stExon;5'UTR,,,,,,,,0
115,274190,cg03651054,8.754045932297131e-06,1.7092111452675347,0.3501554499999999,True,7.2693151877775e-05,cg03651054,chr13,50194643,+,cg03651054,21645475,,CRATATCTAAACAACRAAATATCTTCCAAATTCRTCTCCTCACTATTAAC,,II,,,,,,,,,,OpenSea,CCCACTGTGGCTGCACCCCGAGGAGGAGTCCGTGGCAGGAGGCCCACACCCAGGACCCGG[CG]CCAACAGTGAGGAGACGAACCTGGAAGACATCCCGCTGTCCAGACACCGCGAGGGAGGCG,GGTGTCTGGACAGCGGGATGTCTTCCAGGTTCGTCTCCTCACTGTTGGCG,,,,,,,,,13:49092410-49092680,,,,0
117,277895,cg14361252,5.469015821940667e-06,1.3736558815025297,0.20877120000000005,True,4.980951053214539e-05,cg14361252,chr13,111465457,+,cg14361252,20779300,43644329.0,AAAACACATCATAACAAAAACATCATAAAAAAAATATCATAAAAAAAACA,AAAACGCGTCGTAACGAAAACGTCGTAAAAAAAATATCGTAAAAAAAACG,I,C,Grn,rs140015767,0.0275,,,,,chr13:111464738-111465988,Island,CGTCCCCGTCACGACGCCCTCCACACGACGCGCTCCCCTCACGATGCCCCCGTTACCACG[CG]CCCTCCTCACGACATCCCCCTCACGACGCCCCCGTCACGACGCGCCCCCTTCGTCACGTC,CGCCCTCCTCACGACATCCCCCTCACGACGCCCCCGTCACGACGCGCCCC,,,,,,,,,13:110262437-110264460,,,,0
118,279534,cg18105134,0.00442361279522352,1.556716773167266,0.29084585,True,0.009232524249718372,cg18105134,chr13,113819100,+,cg18105134,11601356,,CAAACACTAATAACAAAAACTACACTTTCTAACATAACCATTACTCCAAC,,II,,,,,,,,,,OpenSea,TGAAGCCCGCGGATTTGTGATAAGCAGTTGCCACGACTCAGAAGGTGGTCCGCGTCTCCA[CG]CTGGAGCAATGGCCATGCTAGAAAGTGCAGTTTCTGTCACTAGTGCTTGCTCGGACCACT,CGCTGGAGCAATGGCCATGCTAGAAAGTGCAGTTTCTGTCACTAGTGCTT,,,PROZ,NM_003891,Body,,,,13:112867074-112867155,13:113819051-113819392,Unclassified_Cell_type_specific,,0
119,280024,cg17370981,0.00025471353373608197,1.2844386300296546,0.20190082,True,0.0010238623555221648,cg17370981,chr13,114311583,+,cg17370981,62696319,57804461.0,CTACAACCCCTAAACATCAAAATACAACTAAACTAACTAACCTAATACCA,CTACGACCCCTAAACGTCGAAATACGACTAAACTAACTAACCTAATACCG,I,T,Red,rs12018694,0.137774,,,,,,OpenSea,CCCCCAGAGCCGGGCACCGTGGGAATTGAGGAGGGCCTGACCTTCCCTGGGAGCCGGGGA[CG]GCACCAGGCCAGCCAGTTCAGCCGCATCCCGACGCCCAGGGGTCGCAGGGGGAGGTGGGG,CGGCACCAGGCCAGCCAGTTCAGCCGCATCCCGACGCCCAGGGGTCGCAG,,,ATP4B,NM_000705,Body,,,,13:113359217-113359950,,,,0
121,285590,cg02299497,7.71504228292226e-09,1.7111823429425932,0.2004354,True,2.3976284732551257e-07,cg02299497,chr14,69095570,+,cg02299497,27764335,19716383.0,AATAAACAACTAAACATCTAACTTCACAAATTCATACCCAAAACTATACA,AATAAACAACTAAACGTCTAACTTCGCGAATTCATACCCGAAACTATACG,I,A,Red,,,,,,,chr14:69095051-69095407,S_Shore,TCCAAACCAGGCCTGTAAGGAGGAGCTGAGGTTTCGGCTGAGCCCCCAGCCTCCCCCGAC[CG]CACAGCCTCGGGCATGAACCCGCGAAGCCAGACGCTTAGTTGCTTATCAGGCCATCGCTG,GATAAGCAACTAAGCGTCTGGCTTCGCGGGTTCATGCCCGAGGCTGTGCG,,,,,,,,True,14:68164769-68165358,14:69094639-69096348,Unclassified_Cell_type_specific,True,0
122,285591,cg21123519,1.3032456226266679e-08,1.7165482603979534,0.21383354999999996,True,3.7071163695108387e-07,cg21123519,chr14,69095679,+,cg21123519,39634450,67706318.0,AAAAAAAACTACCCCCTTCCAACCCATTCAAATTAATTTACACTAAAACA,AAAAAAAACTACCCCCTTCCAACCCGTTCGAATTAATTTACGCTAAAACG,I,C,Grn,,,,,,,chr14:69095051-69095407,S_Shore,CAGGCCATCGCTGTACATATTTAGAAAGTACCTATCACTCAGACACTTTGAAAAGCGTGG[CG]TTCCAGCGCAAACCAACCCGAACGGGTTGGAAGGGGGCAGTCCTTTCTTCCCGCAAGTTC,AGAAAGGACTGCCCCCTTCCAACCCGTTCGGGTTGGTTTGCGCTGGAACG,,,,,,,,True,,14:69094639-69096348,Unclassified_Cell_type_specific,True,0
123,289136,cg21175246,1.7259279146797836e-08,1.6177194523918617,0.23537964999999994,True,4.6724206529839374e-07,cg21175246,chr14,95964097,+,cg21175246,72638390,,ACCTACTAATCAAATACCACCTATTTTTATAAATAAAATTTTATTAAAAC,,II,,,,,,,,,,OpenSea,AATCTGTCATGGTAGCATGAAAATAGCCACAGATAGCATGTAAATAAATGAGCATGACTG[CG]TTCCAACAAAACTTTATTTACAAAAACAGGTGGCATTTGACCAGCAGGCCACAGTTTGTC,CCTGCTGGTCAAATGCCACCTGTTTTTGTAAATAAAGTTTTGTTGGAACG,,,,,,,,True,,14:95964056-95964261,Unclassified_Cell_type_specific,,0
124,291422,cg09975044,1.5130473253186606e-05,1.8561783902318765,0.2639324000000001,True,0.00011210165478970828,cg09975044,chr14,104007538,+,cg09975044,72689455,54760464.0,ACATCTACTTCCCCATTACCTAACACCCAAAATATCTATTATACCTATCA,ACGTCTACTTCCCCGTTACCTAACACCCAAAATATCTATTATACCTATCG,I,C,Grn,rs74088013,0.010522,,,,,,OpenSea,GGAATGCTGGGCCAGCTGTGGGCGGGGGGCTGGCCATGGATGGGGTGGGGACAGTGGGGG[CG]ACAGGCACAATAGACATTCTGGGTGCCAGGCAACGGGGAAGCAGACGCTTCTTGGCGGGG,GCGTCTGCTTCCCCGTTGCCTGGCACCCAGAATGTCTATTGTGCCTGTCG,,,,,,,,True,,14:104007441-104007737,Unclassified_Cell_type_specific,,0
125,293843,cg05499111,0.008188202100121058,1.3419353786185833,0.2074988000000001,True,0.014905205090660439,cg05499111,chr15,27902080,+,cg05499111,15706456,,TCCACTAATCTATATCAATACTAAAAAATAACAACATACTAACAACCCCC,,II,,,rs3097546,0.43039099999999997,,,,,,OpenSea,GCTCCTCAAGTGTGGCCAGAGTGGGTGCCAAGGCCGAGGAGGTGCCGAGAGCGAGGGCTG[CG]GGGGCTGCCAGCATGTTGTCACCTCTCAGTATTGACATAGATCAGTGGAACATGATAGCT,CGGGGGCTGCCAGCATGTTGTCACCTCTCAGTATTGACATAGATCAGTGG,,,,,,,,,15:25575460-25575676,,,,0
126,294359,cg04875128,1.309553483533677e-32,2.4257987525608358,0.22671020000000006,True,2.555390642326023e-28,cg04875128,chr15,31775895,-,cg04875128,66707375,34724474.0,AACTATAACTCTACAACAACAACAAACAATTCTACTACAAATACATAACA,AACTATAACTCTACGACGACAACGAACGATTCTACTACGAATACGTAACG,I,C,Grn,,,,,,,chr15:31775540-31776988,Island,CGGCGCGCGCCGGGCTGTAGCTCTGCGACGACAGCGAGCGGTTCTGCTGCGGGTACGTGG[CG]CACGGCCGCAGCGCCCCCACGGCCGGCGCGCACGCCTCGTCCCGCGCGCCCGACGCCTGC,CGCCACGTACCCGCAGCAGAACCGCTCGCTGTCGTCGCAGAGCTACAGCC,,,OTUD7A,NM_130901,Body,,,,15:29562601-29564280,,,,0
127,295766,cg19169023,0.021875547135030527,1.3800357879328782,0.2413509999999999,True,0.032483988238917634,cg19169023,chr15,41853346,+,cg19169023,30686326,12739330.0,ACTACAATTAAACTTCACCAACTACCCCTAAAACACTATCAACTTCACCA,ACTACAATTAAACTTCACCGACTACCCCTAAAACACTATCAACTTCACCG,I,A,Red,,,,,,,chr15:41851723-41851970,S_Shore,CCCTCTCAAGGCTGACACATGTTCCTTCCCACCCCTCAGGTCTGAAGCTCATGGGAGCCC[CG]GTGAAGCTGACAGTGTCTCAGGGGCAGCCGGTGAAGCTCAACTGCAGTGTGGAGGGGATG,ACTGCAGTTGAGCTTCACCGGCTGCCCCTGAGACACTGTCAGCTTCACCG,,,TYRO3,NM_006293,Body,,,True,,,,,0
128,299233,cg20356637,1.0273057271019744e-05,1.3334889176851483,0.20773704999999987,True,8.253573345074943e-05,cg20356637,chr15,67356310,-,cg20356637,56727336,,ACTCTACCACTTAAAACCCTAAATAAATAATATAATCTCTCTATACCTCC,,II,,,,,,,,,chr15:67357339-67359061,N_Shore,TTCAAATTCCAGCTCTGCCACTTGGAACCCTGAGTAAGTAATGTAATCTCTCTGTGCCTC[CG]TAAACGTGAGGCACAGGAACATCTACCTCACCAACCACTGTTAAGACTGAATCAAAGGGC,CGGAGGCACAGAGAGATTACATTACTTACTCAGGGTTCCAAGTGGCAGAG,,,,,,,RDMR,,,,,,0
129,304849,cg12031275,4.6027309835097895e-07,2.0582611119984087,0.37768175,True,6.8098537349434455e-06,cg12031275,chr15,101093834,-,cg12031275,56675312,73779428.0,TCCCAATCATTCTCAAAATAAATTCCAAAATTAAAAATATCACCTTCACA,TCCCAATCATTCTCGAAATAAATTCCGAAATTAAAAATATCGCCTTCGCG,I,A,Red,,,,,,,chr15:101094520-101099493,N_Shore,GTCGCGGCTGTGTCCCAGTCATTCTCGGGGTAAGTTCCGAAGTTGGAGGTGTCGCCTTCG[CG]GGCTATCTTGGGCACGATGGGAGGCTTCAGTTTTCTCTGAGGAACAGCTTCCCAGTCCAC,TCCCAGTCATTCTCGGGGTAAGTTCCGAAGTTGGAGGTGTCGCCTTCGCG,,,,,,,,,15:98911295-98911439,,,,0
130,304850,cg21700663,1.3754614514096874e-08,1.5571568039661974,0.2313027000000001,True,3.8758120229617857e-07,cg21700663,chr15,101093900,-,cg21700663,69692349,,RATAAAAAACTTCAATTTTCTCTAAAAAACAACTTCCCAATCCACAAAAC,,II,,,,,,,,,chr15:101094520-101099493,N_Shore,ATCTTGGGCACGATGGGAGGCTTCAGTTTTCTCTGAGGAACAGCTTCCCAGTCCACAGAG[CG]GAACCACCGATGGCGTTTCACATCATTCGCCCCGTTCTTCATATTTCCTAACCACCTTGT,CGCTCTGTGGACTGGGAAGCTGTTCCTCAGAGAAAACTGAAGCCTCCCAT,,,,,,,,,15:98911295-98911439,,,,0
132,320959,cg26764761,0.008140960534111064,1.336078509949084,0.21796359999999992,True,0.014838866413621863,cg26764761,chr16,87682142,-,cg26764761,37790457,47742450.0,CAAACCACATAAAATAAAAAACAATTTACAATATCCTCCACAAAATACCA,CAAACCGCGTAAAATAAAAAACGATTTACGATATCCTCCGCGAAATACCG,I,A,Red,,,,,,,chr16:87677885-87678660,S_Shelf,GGCAGGGCTTGTCAGGCCGCGTGAAGTGAGAAACGGTTTGCGGTGTCCTCCGCGGAGTGC[CG]GGCCCTTCCCCGGAGAGCAGCTCTGCAGGGAAGGGAAGTGGGTTTTCCTGGAAAACGGGG,CAGGCCGCGTGAAGTGAGAAACGGTTTGCGGTGTCCTCCGCGGAGTGCCG,,,JPH3,NM_020655,Body,,,,16:86239505-86239722,,,True,0
133,322873,cg01097406,0.00032503513120015116,2.2448950157666805,0.27534395,True,0.001237173745217167,cg01097406,chr16,89675127,-,cg01097406,18641344,,AAAATACTACTAACTCAAAATAACRTAAACRCCAAAAATAAATCCACCTC,,II,,,rs80089054,0.019213,,,,,,OpenSea,TTCCTGTTAGGAAAATGCTGCTGGCTCAGGGTGGCGTGGGCGCCAGAGGTGGATCCACCT[CG]TCTGTGTCCTCAGTACAGACGCAGAAGGCTTGCCTCTGCCATCCTAGAACCATCATTTTT,CGAGGTGGATCCACCTCTGGCGCCCACGCCACCCTGAGCCAGCAGCATTT,,,,,,,,,16:88202602-88202650,,,,0
136,325936,cg21358336,5.097068884901704e-05,1.6669276881781183,0.35115149999999995,True,0.00029238733231056575,cg21358336,chr17,6558440,+,cg21358336,14702477,,ATTCCTTTTAAAAATAAAAATCTACCTCCCTAAACTCCTACCCCTCAAAC,,II,,,,,,,,,chr17:6558221-6558441,Island,AGGCCCGCTTAGCCCGCGCTGGCTCCGGAATGGCGAGGGGGCGGTGCCGGGCTGTGGGAG[CG]CCTGAGGGGCAGGAGTCCAGGGAGGCAGACTTTTACCCTCAAAAGGAATGAGTCCCAGAG,CGCCTGAGGGGCAGGAGTCCAGGGAGGCAGACTTTTACCCTCAAAAGGAA,,,,,,,,,17:6498691-6501511,17:6558346-6558630,Unclassified_Cell_type_specific,,0
138,331422,cg04850148,2.8888668952214532e-06,1.9646847918503345,0.3566663,True,2.995868504586882e-05,cg04850148,chr17,34539744,+,cg04850148,49780437,,TACCTAACCATAATCCATATAAAACAACTCTAATAAATAAAATCCTTCCC,,II,,,,,,,,,,OpenSea,GGGGCCCACAGCTAAATCCAGTGAGTGGAAGTTACAGGGAGTCTGCTTCCAGTGCTGCTC[CG]GGAAGGATCCCATCCACCAGAGCTGCCCCACATGGACCATGGTCAGGCAGAGGAAGATGC,CGGGAAGGATCCCATCCACCAGAGCTGCCCCACATGGACCATGGTCAGGC,,,CCL4L2;CCL4L1,NM_207007;NM_001001435,Body;Body,,,,,,,,0
142,351500,cg24840300,1.0609406200324217e-07,1.3554276807809738,0.2367947,True,2.069950681594927e-06,cg24840300,chr19,812517,-,cg24840300,13791479,25693388.0,AATAACCAAAAACCAAACCTCAATTTCTACCACTTTATTAAACATCCACA,AATAACCAAAAACCGAACCTCGATTTCTACCGCTTTATTAAACATCCGCG,I,C,Grn,,,,,,,chr19:811904-813824,Island,CGGGCCAGAGCGAATGACCAAGAGCCGGACCTCGGTTTCTGCCGCTTTATTGAGCATCCG[CG]CGGCCGCCCGCGCCCTCGGCCCGCCCCCCGCCCGCCCCCGGCCCCGCCGCGCTAGTCGGG,AATGACCAAGAGCCGGACCTCGGTTTCTGCCGCTTTATTGAGCATCCGCG,,,LPPR3,NM_024888,3'UTR,,,,19:763058-764848,,,,0
148,359341,cg19344626,2.628504877093521e-25,1.35264395551541,0.2046313,True,6.247016336998837e-22,cg19344626,chr19,16830749,-,cg19344626,64686313,17788438.0,AAAACAAAAATTACTAAAATAACCAAAAACTTATCTTCCAAATAACACCA,AAAACGAAAATTACTAAAATAACCAAAAACTTATCTTCCGAATAACGCCG,I,A,Red,,,,,,,,OpenSea,CATAAAATACCTAAGACGAAAGTTACTAGGATAGCCAGGGGCTTGTCTTCCGGGTGGCGC[CG]AGGCCAGGAAACTGTCCTCTCTAACCTATTTCCCCAGAGGAGTCTAAATTGGTCGTTCAA,CGGCGCCACCCGGAAGACAAGCCCCTGGCTATCCTAGTAACTTTCGTCTT,,,NWD1,NM_001007525,TSS200,,,,,,,True,0
152,360953,cg06238316,0.00017072997974740278,2.1682297677010385,0.23648335,True,0.0007494975584825142,cg06238316,chr19,21265364,+,cg06238316,64747498,,AAAATCCAAAACTACCCTAAAAAAACTCCAAATCAAAACCCAATCACTAC,,II,,,rs8101412,0.256259,,,,,chr19:21265164-21265433,Island,TCAGCCATAAGATGGCGGCTGCGCTGACTGCGGGATCCCGGGCGTCCTGTCTTTTCCCTG[CG]CAGTGACTGGGCCCTGACCTGGAGTCCTCTCAGGGCAGCTCTGGACCCTCAGCGGCGCGT,GGGTCCAGAGCTGCCCTGAGAGGACTCCAGGTCAGGGCCCAGTCACTGCG,,,ZNF714,NM_182515,5'UTR,,,,19:21056822-21057273,,,,0
155,366204,cg22891070,1.8525873679451482e-11,1.530107433601105,0.22151215,True,1.434538530755129e-09,cg22891070,chr19,46801642,+,cg22891070,55727325,54785340.0,ATTACAAATAAATACACACAACAATAAAATAACTCCACAAAAAAAAACCA,ATTACGAATAAATACGCACGACGATAAAATAACTCCACAAAAAAAAACCG,I,A,Red,,,,,,,chr19:46800053-46800603,S_Shore,CCTGGCTGGGTGGGGGCCCCTCTTGGCTGAGCTCGGGTGCCCCCCCTCCCCACCCAAGGC[CG]GCCCTTTCCTGTGGAGTCATCTCACCGCCGTGCGCACCCACTCGTAACTCGCACCCGGGT,CGGCCCTTTCCTGTGGAGTCATCTCACCGCCGTGCGCACCCACTCGTAAC,,,HIF3A;HIF3A,NM_152795;NM_022462,Body;TSS200,,,,,,,True,0
156,366205,cg16672562,1.0972965971461332e-16,1.7488194432042892,0.2494913999999999,True,3.0830874418403475e-14,cg16672562,chr19,46801672,+,cg16672562,72735335,21710370.0,AAATACAATACAACCAAAACCCAAATACAAATTACAAATAAATACACACA,AAATACGATACAACCAAAACCCGAATACGAATTACGAATAAATACGCACG,I,A,Red,,,,,,,chr19:46800053-46800603,S_Shore,GCTCGGGTGCCCCCCCTCCCCACCCAAGGCCGGCCCTTTCCTGTGGAGTCATCTCACCGC[CG]TGCGCACCCACTCGTAACTCGCACCCGGGTCCTGGCTGCACCGCATCCCCTCCTGCACCC,GGATGCGGTGCAGCCAGGACCCGGGTGCGAGTTACGAGTGGGTGCGCACG,,,HIF3A;HIF3A;HIF3A,NM_022462;NM_152795;NM_022462,5'UTR;Body;1stExon,,,,,19:46801645-46801676,Unclassified_Cell_type_specific,True,0
157,378509,cg19181528,0.003068670384169245,1.4037531887404666,0.2443180999999999,True,0.006964491083103223,cg19181528,chr20,59542589,-,cg19181528,25651436,10665457.0,ACAAAAAACACATCCCATACTATATTACAAAATTAAACAAACAAAAAACA,ACGAAAAACGCGTCCCGTACTATATTACGAAATTAAACGAACGAAAAACG,I,C,Grn,rs141492030,0.1108,,,,,chr20:59542508-59542739,Island,GGGGTTGGGCGGGCGGAGGGCGCGTCCCGTGCTGTGTTGCGGGGTTGGGCGGGCGGAGGG[CG]CGTCCCGTTCTGTGTTGCGGGGTTGGGCGGGCGGAGGGCGCGTCCCGTTCTGTGTTGCGG,CGCCCTCCGCCCGCCCAACCCCGCAACACAGCACGGGACGCGCCCTCCGC,,,,,,,,,20:58975843-58976262,,,,0
159,383954,cg14372705,7.165526987829851e-07,1.437329804412946,0.200531,True,9.754719729361547e-06,cg14372705,chr22,19141030,+,cg14372705,36757380,,CCRAAACCAAAACCATCTAAAAAACTTCCTCACTCACTTATAAATAACCC,,II,,,,,,,,,chr22:19136293-19138512,S_Shelf,GGAGAGGATAGGCGTGTTCCTGCCAGCAGCACCAGCTGAAGGACCCATCCACCCCCTGCA[CG]GGTCACCTACAAGTGAGTGAGGAAGCCTTCCAGATGGCTCTGGCCCCGGCCACCATTGGA,CGGGTCACCTACAAGTGAGTGAGGAAGCCTTCCAGATGGCTCTGGCCCCG,,,,,,,,,,22:19140996-19141110,Unclassified_Cell_type_specific,,0
160,385273,cg03019505,1.6296130439637722e-08,1.3881231884253005,0.20909770000000005,True,4.4552536115915754e-07,cg03019505,chr22,26898513,+,cg03019505,48616392,,TACAAATTTATATTCRTAAACAAACCRTATTCAAAACCRTCCTAAACTAC,,II,,,rs76370345,0.016073,,,,,chr22:26895185-26895460,S_Shelf,CTTACAATCAGGGTCTGCAAAACCTTTCTAGAGGAGGAGCTAAGGCAAGCTTGTCCAACC[CG]CAGCCCAGGACGGCTCTGAATACGGCCTGTTTACGAACACAAATTTGTAAACTTTCTTAG,ACAAATTTGTGTTCGTAAACAGGCCGTATTCAGAGCCGTCCTGGGCTGCG,,,TFIP11;TFIP11,NM_012143;NM_001008697,Body;Body,,,,,22:26898354-26899711,Gene_Associated,,0
