,Unnamed: 0_x,Reporter Identifier,p_x,fold_change_x,abs_change_x,Rejection on 0.05_x,qval_x,Unnamed: 0_y,p_y,fold_change_y,abs_change_y,Rejection on 0.05_y,qval_y,Unnamed: 0,chr,pos,strand,Name,AddressA,AddressB,ProbeSeqA,ProbeSeqB,Type,NextBase,Color,Probe_rs,Probe_maf,CpG_rs,CpG_maf,SBE_rs,SBE_maf,Islands_Name,Relation_to_Island,Forward_Sequence,SourceSeq,Random_Loci,Methyl27_Loci,UCSC_RefGene_Name,UCSC_RefGene_Accession,UCSC_RefGene_Group,Phantom,DMR,Enhancer,HMM_Island,Regulatory_Feature_Name,Regulatory_Feature_Group,DHS,cluster
8,32989,cg10501210,2.430546709224326e-48,2.20505630528903,0.43555055,True,4.742835168311342e-43,32989,2.430546709224326e-48,2.20505630528903,0.43555055,True,4.742835168311342e-43,cg10501210,chr1,207997020,+,cg10501210,43774458,66775341.0,CAAAACTACAACACCTTACAACAAAACCAAAATTTAAATCTACACAAACA,CGAAACTACGACACCTTACGACGAAACCAAAATTTAAATCTACGCAAACG,I,A,Red,,,,,,,,OpenSea,ACGTGGGGGAAGAAGGGGGTTACGCCATCAAGTCCTGAAGCCCGTCGGACCACCCATCGC[CG]CCTGCGCAGACCCAAATCTTGGTCCCGCCGTAAGGTGCCGCAGTCCCGAATGTTCCAGAA,CGGGACTGCGGCACCTTACGGCGGGACCAAGATTTGGGTCTGCGCAGGCG,,,,,,,CDMR,True,1:206063625-206063801,,,True,0
13,66593,cg06193597,0.002245238211250776,2.1633612692863973,0.4045494000000001,True,0.005476393052332296,66593,0.002245238211250776,2.1633612692863973,0.4045494000000001,True,0.005476393052332296,cg06193597,chr2,241896910,-,cg06193597,54605425,40778416.0,CTACCCATTCTAAACAAAAACCCTTCTCACTAACTACACAAAAACACACA,CTACCCATTCTAAACGAAAACCCTTCTCACTAACTACACAAAAACACGCG,I,C,Grn,rs10173220,0.43826899999999996,,,,,,OpenSea,CAGCCCCCTTCTCTGCCCATTCTGAACGGGAGCCCTTCTCACTGACTGCACAGAGGCACG[CG]CAGGCCGCCTGCTGGGGGGCCGGGGCGTCCAGGCAGCGGGGCCTTGGGGGACGCTCGGTG,CGCGTGCCTCTGTGCAGTCAGTGAGAAGGGCTCCCGTTCAGAATGGGCAG,,,,,,,,,2:241545581-241545649,,,,0
17,92637,cg01394167,4.57017489883669e-06,2.0641378566079007,0.32786380000000004,True,4.3141465002396925e-05,92637,4.57017489883669e-06,2.0641378566079007,0.32786380000000004,True,4.3141465002396925e-05,cg01394167,chr4,9479622,-,cg01394167,12717498,,TCTCAAACACCTAAAAACTTTTAAAATTATTATTCTTTATCAATCTCCAC,,II,,,,,,,,,,OpenSea,ATCCAGGTCCGTCTCAAGCACCTAAGAACTTTTGGAATTATTGTTCTTTGTCAGTCTCCA[CG]GAACACTCCCCTCCTGCCTGTTCCCAAGCCACGGACCAAGGACTACCGGACGGTACAGGA,CTCAAGCACCTAAGAACTTTTGGAATTATTGTTCTTTGTCAGTCTCCACG,,,,,,,,,4:9088613-9089054,,,,0
19,128237,cg10154826,0.0011905825004550961,2.3403770731718634,0.20227235000000005,True,0.0033633310269808674,128237,0.0011905825004550961,2.3403770731718634,0.20227235000000005,True,0.0033633310269808674,cg10154826,chr6,17600994,+,cg10154826,53620329,,AAACCRCTATACCAAATAAAATAACCRCAATAAAACTACCACAACCACTC,,II,,,,,,,,,chr6:17600382-17601397,Island,CGCGGCGCCACGAGAGAGACCAGCTCGGCTGAGCGCCCGCGAGTACTCCCGGCAAGTGCA[CG]AGTGGCTGTGGCAGTCCTACTGCGGCTACCTCACCTGGCACAGCGGCCTGGCCGCCTTCC,GGCCGCTGTGCCAGGTGAGGTAGCCGCAGTAGGACTGCCACAGCCACTCG,,,FAM8A1,NM_016255,1stExon,,,,6:17708182-17709376,6:17599939-17601701,Promoter_Associated,,0
20,155158,cg01156747,0.0017401789991889547,2.043120934008288,0.4464652,True,0.004503153760056897,155158,0.0017401789991889547,2.043120934008288,0.4464652,True,0.004503153760056897,cg01156747,chr7,120659,-,cg01156747,66693419,,ACTTATTCCTAAATAACTCCRACACATAAACTAAAAACACTACACTCACC,,II,,,,,,,,,chr7:120519-120758,Island,CAAGTTCAGGAGCTTGTTCCTAGGTGACTCCGGCACATAGGCTGGAAACACTACACTCAC[CG]GGGGCTCAGCCCCGCACACCTGTGTGGGGAGGGAGCGGGGAGCGTCGGGGAAGAAGGAGG,CTTGTTCCTAGGTGACTCCGGCACATAGGCTGGAAACACTACACTCACCG,,,,,,,,True,7:215603-215824,,,,0
22,158691,cg07249765,0.00028004092558565425,2.061001157671709,0.50760115,True,0.001102460225426067,158691,0.00028004092558565425,2.061001157671709,0.50760115,True,0.001102460225426067,cg07249765,chr7,4244643,-,cg07249765,70658310,61610380.0,TAAAATACAAAAATACAACCACACCCCTAATAACAATATAATAAAACACA,TAAAATACGAAAATACGACCACACCCCTAATAACGATATAATAAAACGCG,I,A,Red,rs870394,0.063586,,,,,,OpenSea,ATGGCTGTGTGGTGAGGTGCGGAGGTGCGGCCACACCCCTAATGGCGGTGTGGTAAGGCG[CG]GAGGTGCGGCCGCAACATCCTCATGTGTCCTTTGGTTTGCGTGTGCCATGCAGCCCTGCA,CGCGCCTTACCACACCGCCATTAGGGGTGTGGCCGCACCTCCGCACCTCA,,,SDK1;SDK1,NR_027816;NM_152744,Body;Body,,,,7:4210710-4211211,,,,0
23,165642,cg21634283,0.003557864424735986,2.1342880565769047,0.45596945,True,0.007803413123382034,165642,0.003557864424735986,2.1342880565769047,0.45596945,True,0.007803413123382034,cg21634283,chr7,57071676,-,cg21634283,56729510,10693355.0,AAAACAAAACCAAAAAATCCAAAAACAACAACAACAACAACAATAACTCA,AAAACGAAACCGAAAAATCCGAAAACAACAACAACAACAACAATAACTCG,I,A,Red,rs187876791,0.3164,,,,,chr7:57071951-57072386,N_Shore,CCCAGGCTGAGCAGGACGGGGCCGAAGAGTCCGAGAGCAGCAGCAGCAGCAGCAGTGGCT[CG]GAGACAGAAGGGGAGGAGGAAGGCGACAAGAACGGGGACGGGGGCTGCGGCGCCGGGGGC,AGGACGGGGCCGAAGAGTCCGAGAGCAGCAGCAGCAGCAGCAGTGGCTCG,,,,,,high-CpG:57075618-57075619,,,7:57075237-57076328,,,True,0
32,273895,cg15894389,1.8224546784983263e-28,2.1866623429991816,0.23072715000000005,True,1.205504347326887e-24,273895,1.8224546784983263e-28,2.1866623429991816,0.23072715000000005,True,1.205504347326887e-24,cg15894389,chr13,47470857,-,cg15894389,13643319,,CATTTATCTTCAAAATCCACACATAAAATACATTTATTATTCTATAACTC,,II,,,rs6312,0.084482,,,,,,OpenSea,ATGAGAACTTACATTTGTCTTCAGGGTCCACACATGAGATACATTTGTTATTCTGTGACT[CG]CTGCATCTCTCACAGTAATTAAACTGGTGTAGAGTCCCCTCTTCTTGATCTTCCACCAGC,ATTTGTCTTCAGGGTCCACACATGAGATACATTTGTTATTCTGTGACTCG,,,HTR2A;HTR2A;HTR2A,NM_001165947;NM_000621;NM_000621,1stExon;1stExon;5'UTR,,,,,,,,0
35,294359,cg04875128,1.309553483533677e-32,2.4257987525608358,0.22671020000000006,True,2.555390642326023e-28,294359,1.309553483533677e-32,2.4257987525608358,0.22671020000000006,True,2.555390642326023e-28,cg04875128,chr15,31775895,-,cg04875128,66707375,34724474.0,AACTATAACTCTACAACAACAACAAACAATTCTACTACAAATACATAACA,AACTATAACTCTACGACGACAACGAACGATTCTACTACGAATACGTAACG,I,C,Grn,,,,,,,chr15:31775540-31776988,Island,CGGCGCGCGCCGGGCTGTAGCTCTGCGACGACAGCGAGCGGTTCTGCTGCGGGTACGTGG[CG]CACGGCCGCAGCGCCCCCACGGCCGGCGCGCACGCCTCGTCCCGCGCGCCCGACGCCTGC,CGCCACGTACCCGCAGCAGAACCGCTCGCTGTCGTCGCAGAGCTACAGCC,,,OTUD7A,NM_130901,Body,,,,15:29562601-29564280,,,,0
36,304849,cg12031275,4.6027309835097895e-07,2.0582611119984087,0.37768175,True,6.8098537349434455e-06,304849,4.6027309835097895e-07,2.0582611119984087,0.37768175,True,6.8098537349434455e-06,cg12031275,chr15,101093834,-,cg12031275,56675312,73779428.0,TCCCAATCATTCTCAAAATAAATTCCAAAATTAAAAATATCACCTTCACA,TCCCAATCATTCTCGAAATAAATTCCGAAATTAAAAATATCGCCTTCGCG,I,A,Red,,,,,,,chr15:101094520-101099493,N_Shore,GTCGCGGCTGTGTCCCAGTCATTCTCGGGGTAAGTTCCGAAGTTGGAGGTGTCGCCTTCG[CG]GGCTATCTTGGGCACGATGGGAGGCTTCAGTTTTCTCTGAGGAACAGCTTCCCAGTCCAC,TCCCAGTCATTCTCGGGGTAAGTTCCGAAGTTGGAGGTGTCGCCTTCGCG,,,,,,,,,15:98911295-98911439,,,,0
38,322873,cg01097406,0.00032503513120015116,2.2448950157666805,0.27534395,True,0.001237173745217167,322873,0.00032503513120015116,2.2448950157666805,0.27534395,True,0.001237173745217167,cg01097406,chr16,89675127,-,cg01097406,18641344,,AAAATACTACTAACTCAAAATAACRTAAACRCCAAAAATAAATCCACCTC,,II,,,rs80089054,0.019213,,,,,,OpenSea,TTCCTGTTAGGAAAATGCTGCTGGCTCAGGGTGGCGTGGGCGCCAGAGGTGGATCCACCT[CG]TCTGTGTCCTCAGTACAGACGCAGAAGGCTTGCCTCTGCCATCCTAGAACCATCATTTTT,CGAGGTGGATCCACCTCTGGCGCCCACGCCACCCTGAGCCAGCAGCATTT,,,,,,,,,16:88202602-88202650,,,,0
50,360953,cg06238316,0.00017072997974740278,2.1682297677010385,0.23648335,True,0.0007494975584825142,360953,0.00017072997974740278,2.1682297677010385,0.23648335,True,0.0007494975584825142,cg06238316,chr19,21265364,+,cg06238316,64747498,,AAAATCCAAAACTACCCTAAAAAAACTCCAAATCAAAACCCAATCACTAC,,II,,,rs8101412,0.256259,,,,,chr19:21265164-21265433,Island,TCAGCCATAAGATGGCGGCTGCGCTGACTGCGGGATCCCGGGCGTCCTGTCTTTTCCCTG[CG]CAGTGACTGGGCCCTGACCTGGAGTCCTCTCAGGGCAGCTCTGGACCCTCAGCGGCGCGT,GGGTCCAGAGCTGCCCTGAGAGGACTCCAGGTCAGGGCCCAGTCACTGCG,,,ZNF714,NM_182515,5'UTR,,,,19:21056822-21057273,,,,0
