,Marker,Chrom,Pos,Genes,CpG Island,Coefficient,Unnamed: 0,chr_x,pos_x,strand_x,Name_x,AddressA_x,AddressB_x,ProbeSeqA_x,ProbeSeqB_x,Type_x,NextBase_x,Color_x,Probe_rs_x,Probe_maf_x,CpG_rs_x,CpG_maf_x,SBE_rs_x,SBE_maf_x,Islands_Name_x,Relation_to_Island_x,Forward_Sequence_x,SourceSeq_x,Random_Loci_x,Methyl27_Loci_x,UCSC_RefGene_Name_x,UCSC_RefGene_Accession_x,UCSC_RefGene_Group_x,Phantom_x,DMR_x,Enhancer_x,HMM_Island_x,Regulatory_Feature_Name_x,Regulatory_Feature_Group_x,DHS_x,Unnamed: 0_x,Reporter Identifier,p,fold_change,Rejection on 0.05,qval,Unnamed: 0_y,chr_y,pos_y,strand_y,Name_y,AddressA_y,AddressB_y,ProbeSeqA_y,ProbeSeqB_y,Type_y,NextBase_y,Color_y,Probe_rs_y,Probe_maf_y,CpG_rs_y,CpG_maf_y,SBE_rs_y,SBE_maf_y,Islands_Name_y,Relation_to_Island_y,Forward_Sequence_y,SourceSeq_y,Random_Loci_y,Methyl27_Loci_y,UCSC_RefGene_Name_y,UCSC_RefGene_Accession_y,UCSC_RefGene_Group_y,Phantom_y,DMR_y,Enhancer_y,HMM_Island_y,Regulatory_Feature_Name_y,Regulatory_Feature_Group_y,DHS_y,cluster
0,cg04400972,1,117665053,"TRIM45,TTF2",Yes,9.62,cg04400972,chr1,117665053,-,cg04400972,74745443,13601340.0,AAAATAAAAACATCTCAAACTCACATTACAAAAACCAATTCAAAAAACCA,AAAATAAAAACATCTCAAACTCGCGTTACGAAAACCGATTCGAAAAACCG,I,T,Red,rs78180333,0.014769999999999998,,,,,chr1:117664180-117665148,Island,GGGTATTTTTCGGGGGTGAGGGCATCTCAGGCTCGCGTTACGGGGACCGGTTCGGGAGAC[CG]TGGAGCCGAGGTGTCGAATGGAGGGCTTACTTCGGCCGGGCCAGGGAGCGCCACCCTCCT,CGGTCTCCCGAACCGGTCCCCGTAACGCGAGCCTGAGATGCCCTCACCCC,,,TRIM45;TRIM45,NM_025188;NM_001145635,TSS1500;TSS1500,,,,1:117465578-117466781,1:117663907-117665512,Promoter_Associated,,25119,cg04400972,3.1579027967057697e-28,2.0099394311363,True,1.7988577767908533e-24,cg04400972,chr1,117665053,-,cg04400972,74745443,13601340.0,AAAATAAAAACATCTCAAACTCACATTACAAAAACCAATTCAAAAAACCA,AAAATAAAAACATCTCAAACTCGCGTTACGAAAACCGATTCGAAAAACCG,I,T,Red,rs78180333,0.014769999999999998,,,,,chr1:117664180-117665148,Island,GGGTATTTTTCGGGGGTGAGGGCATCTCAGGCTCGCGTTACGGGGACCGGTTCGGGAGAC[CG]TGGAGCCGAGGTGTCGAATGGAGGGCTTACTTCGGCCGGGCCAGGGAGCGCCACCCTCCT,CGGTCTCCCGAACCGGTCCCCGTAACGCGAGCCTGAGATGCCCTCACCCC,,,TRIM45;TRIM45,NM_025188;NM_001145635,TSS1500;TSS1500,,,,1:117465578-117466781,1:117663907-117665512,Promoter_Associated,,0
1,cg10501210,1,207997020,C1orf132,No,-6.46,cg10501210,chr1,207997020,+,cg10501210,43774458,66775341.0,CAAAACTACAACACCTTACAACAAAACCAAAATTTAAATCTACACAAACA,CGAAACTACGACACCTTACGACGAAACCAAAATTTAAATCTACGCAAACG,I,A,Red,,,,,,,,OpenSea,ACGTGGGGGAAGAAGGGGGTTACGCCATCAAGTCCTGAAGCCCGTCGGACCACCCATCGC[CG]CCTGCGCAGACCCAAATCTTGGTCCCGCCGTAAGGTGCCGCAGTCCCGAATGTTCCAGAA,CGGGACTGCGGCACCTTACGGCGGGACCAAGATTTGGGTCTGCGCAGGCG,,,,,,,CDMR,True,1:206063625-206063801,,,True,36379,cg10501210,2.430546709224326e-48,2.20505630528903,True,5.26121001772116e-43,cg10501210,chr1,207997020,+,cg10501210,43774458,66775341.0,CAAAACTACAACACCTTACAACAAAACCAAAATTTAAATCTACACAAACA,CGAAACTACGACACCTTACGACGAAACCAAAATTTAAATCTACGCAAACG,I,A,Red,,,,,,,,OpenSea,ACGTGGGGGAAGAAGGGGGTTACGCCATCAAGTCCTGAAGCCCGTCGGACCACCCATCGC[CG]CCTGCGCAGACCCAAATCTTGGTCCCGCCGTAAGGTGCCGCAGTCCCGAATGTTCCAGAA,CGGGACTGCGGCACCTTACGGCGGGACCAAGATTTGGGTCTGCGCAGGCG,,,,,,,CDMR,True,1:206063625-206063801,,,True,0
2,cg02650266,4,147558239,POU4F2,Yes,10.2,cg02650266,chr4,147558239,+,cg02650266,66683464,73675449.0,ACTATCCTCAAAAACCACCAAAATACTAAAAAAAACAACAACAACAAACA,GCTATCCTCAAAAACCGCCAAAATACTAAAAAAAACGACAACAACGAACG,I,C,Grn,rs115134269,0.012598,,,,,chr4:147558231-147558583,Island,GCCCGAGAGGATCCAGGGAAAGCAGAAGGGGGTTAAGGACCATGGACAGAGCCCGTCGCG[CG]CTCGTTGCTGCCGCCTTCCCCAGCACTCTGGCGGCTCCTGAGGACAGCGGTCCCATCTTG,GCTGTCCTCAGGAGCCGCCAGAGTGCTGGGGAAGGCGGCAGCAACGAGCG,,,,,,,,,4:147777501-147778016,4:147557996-147558356,Unclassified_Cell_type_specific,True,112036,cg02650266,1.186944222591932e-27,2.2129347556813608,True,5.839280007061245e-24,cg02650266,chr4,147558239,+,cg02650266,66683464,73675449.0,ACTATCCTCAAAAACCACCAAAATACTAAAAAAAACAACAACAACAAACA,GCTATCCTCAAAAACCGCCAAAATACTAAAAAAAACGACAACAACGAACG,I,C,Grn,rs115134269,0.012598,,,,,chr4:147558231-147558583,Island,GCCCGAGAGGATCCAGGGAAAGCAGAAGGGGGTTAAGGACCATGGACAGAGCCCGTCGCG[CG]CTCGTTGCTGCCGCCTTCCCCAGCACTCTGGCGGCTCCTGAGGACAGCGGTCCCATCTTG,GCTGTCCTCAGGAGCCGCCAGAGTGCTGGGGAAGGCGGCAGCAACGAGCG,,,,,,,,,4:147777501-147778016,4:147557996-147558356,Unclassified_Cell_type_specific,True,0
3,cg07955995,7,130419159,KLF14,Yes,13.7,cg07955995,chr7,130419159,-,cg07955995,49679509,57684340.0,ATCTCCACATTCTTTCTTCTACCAACAAACCAAATAATAATAACAAAACA,ATCTCCGCGTTCTTTCTTCTACCGACGAACCAAATAATAATAACAAAACG,I,A,Red,,,,,,,chr7:130417912-130419378,Island,AGAAATTATCTTGTCTCCGCGTTCTTTCTTCTGCCGGCGAGCCAGGTAATGGTAACAGAG[CG]AAACTCCCCAGTCGGAACTTCTGGGTTGCAGCAGCCTCGCCCCCCCTCCCCGCAGCCCGC,CGCTCTGTTACCATTACCTGGCTCGCCGGCAGAAGAAAGAACGCGGAGAC,,,KLF14,NM_138693,TSS1500,,,,7:130068467-130069793,7:130418325-130419878,Unclassified,True,193083,cg07955995,3.896221189958495e-26,3.4340745413825298,True,1.2333451683671616e-22,cg07955995,chr7,130419159,-,cg07955995,49679509,57684340.0,ATCTCCACATTCTTTCTTCTACCAACAAACCAAATAATAATAACAAAACA,ATCTCCGCGTTCTTTCTTCTACCGACGAACCAAATAATAATAACAAAACG,I,A,Red,,,,,,,chr7:130417912-130419378,Island,AGAAATTATCTTGTCTCCGCGTTCTTTCTTCTGCCGGCGAGCCAGGTAATGGTAACAGAG[CG]AAACTCCCCAGTCGGAACTTCTGGGTTGCAGCAGCCTCGCCCCCCCTCCCCGCAGCCCGC,CGCTCTGTTACCATTACCTGGCTCGCCGGCAGAAGAAAGAACGCGGAGAC,,,KLF14,NM_138693,TSS1500,,,,7:130068467-130069793,7:130418325-130419878,Unclassified,True,0
4,cg22285878,7,130419173,KLF14,Yes,-20.7,cg22285878,chr7,130419173,-,cg22285878,49781392,49684508.0,TCTTCTACCAACAAACCAAATAATAATAACAAAACAAAACTCCCCAATCA,TCTTCTACCGACGAACCAAATAATAATAACAAAACGAAACTCCCCAATCG,I,A,Red,,,,,,,chr7:130417912-130419378,Island,CTCCGCGTTCTTTCTTCTGCCGGCGAGCCAGGTAATGGTAACAGAGCGAAACTCCCCAGT[CG]GAACTTCTGGGTTGCAGCAGCCTCGCCCCCCCTCCCCGCAGCCCGCCGCCCGCTGGTCCG,TCTTCTGCCGGCGAGCCAGGTAATGGTAACAGAGCGAAACTCCCCAGTCG,,,KLF14,NM_138693,TSS1500,,,,7:130068467-130069793,7:130418325-130419878,Unclassified,True,193084,cg22285878,4.2887273653953676e-23,2.4724344295109724,True,5.3661647570416885e-20,cg22285878,chr7,130419173,-,cg22285878,49781392,49684508.0,TCTTCTACCAACAAACCAAATAATAATAACAAAACAAAACTCCCCAATCA,TCTTCTACCGACGAACCAAATAATAATAACAAAACGAAACTCCCCAATCG,I,A,Red,,,,,,,chr7:130417912-130419378,Island,CTCCGCGTTCTTTCTTCTGCCGGCGAGCCAGGTAATGGTAACAGAGCGAAACTCCCCAGT[CG]GAACTTCTGGGTTGCAGCAGCCTCGCCCCCCCTCCCCGCAGCCCGCCGCCCGCTGGTCCG,TCTTCTGCCGGCGAGCCAGGTAATGGTAACAGAGCGAAACTCCCCAGTCG,,,KLF14,NM_138693,TSS1500,,,,7:130068467-130069793,7:130418325-130419878,Unclassified,True,0
5,cg07927379,7,156433108,"C7orf13,RNF32",Yes,-1.42,cg07927379,chr7,156433108,+,cg07927379,42797400,27785403.0,ACTAAAACACAAAAACATACAAACACCCAAACCTCATATAATAAAAACCA,ACTAAAACACGAAAACGTACAAACGCCCAAACCTCGTATAATAAAAACCG,I,A,Red,,,,,,,chr7:156432433-156433670,Island,CGTGGCTGCGCCCACAAAGCCGCCGGGGGCTGCGGACTACAGCGAAGCCGGCGCGGGGCT[CG]GCCCTCACTACACGAGGCCTGGGCGCCTGCACGCCCCCGTGCTTCAGCCCGCGGCTCCCG,CGGCCCTCACTACACGAGGCCTGGGCGCCTGCACGCCCCCGTGCTTCAGC,,,C7orf13;RNF32,NR_026865;NM_030936,Body;TSS1500,,DMR,,7:156125195-156126707,7:156432754-156434135,Unclassified,,197713,cg07927379,8.672766370203037e-22,2.99523775130578,True,7.805922469966277e-19,cg07927379,chr7,156433108,+,cg07927379,42797400,27785403.0,ACTAAAACACAAAAACATACAAACACCCAAACCTCATATAATAAAAACCA,ACTAAAACACGAAAACGTACAAACGCCCAAACCTCGTATAATAAAAACCG,I,A,Red,,,,,,,chr7:156432433-156433670,Island,CGTGGCTGCGCCCACAAAGCCGCCGGGGGCTGCGGACTACAGCGAAGCCGGCGCGGGGCT[CG]GCCCTCACTACACGAGGCCTGGGCGCCTGCACGCCCCCGTGCTTCAGCCCGCGGCTCCCG,CGGCCCTCACTACACGAGGCCTGGGCGCCTGCACGCCCCCGTGCTTCAGC,,,C7orf13;RNF32,NR_026865;NM_030936,Body;TSS1500,,DMR,,7:156125195-156126707,7:156432754-156434135,Unclassified,,0
6,cg23091758,11,9025767,"NRIP3,SCUBE2",Yes,-0.392,cg23091758,chr11,9025767,-,cg23091758,55782376,30707421.0,AAAAACAACAACACTAATAAAAACTAACCCAACAATCCAAAAATCCACCA,AAAAACGACGACGCTAATAAAAACTAACCCGACAATCCGAAAATCCACCG,I,C,Grn,,,rs143157241,0.0266,,,chr11:9025095-9026315,Island,CAAAGCCGGCGAGGAGGCGGCGGCGCTGGTGGGGACTGACCCGGCAGTCCGAGAATCCAC[CG]CGGCCTTTTCACCCAACCGCCCCCTCCTGCGTGGGGGCCCCGCATCCCCTGGACTGGCGT,GGAGGCGGCGGCGCTGGTGGGGACTGACCCGGCAGTCCGAGAATCCACCG,,,NRIP3,NM_020645,TSS200,,DMR,,11:8981699-8983012,,,True,256235,cg23091758,1.201116366196459e-21,2.3420279255352616,True,1.0296873301371007e-18,cg23091758,chr11,9025767,-,cg23091758,55782376,30707421.0,AAAAACAACAACACTAATAAAAACTAACCCAACAATCCAAAAATCCACCA,AAAAACGACGACGCTAATAAAAACTAACCCGACAATCCGAAAATCCACCG,I,C,Grn,,,rs143157241,0.0266,,,chr11:9025095-9026315,Island,CAAAGCCGGCGAGGAGGCGGCGGCGCTGGTGGGGACTGACCCGGCAGTCCGAGAATCCAC[CG]CGGCCTTTTCACCCAACCGCCCCCTCCTGCGTGGGGGCCCCGCATCCCCTGGACTGGCGT,GGAGGCGGCGGCGCTGGTGGGGACTGACCCGGCAGTCCGAGAATCCACCG,,,NRIP3,NM_020645,TSS200,,DMR,,11:8981699-8983012,,,True,0
7,cg04875128,15,31775895,OTUD7A,Yes,-4.37,cg04875128,chr15,31775895,-,cg04875128,66707375,34724474.0,AACTATAACTCTACAACAACAACAAACAATTCTACTACAAATACATAACA,AACTATAACTCTACGACGACAACGAACGATTCTACTACGAATACGTAACG,I,C,Grn,,,,,,,chr15:31775540-31776988,Island,CGGCGCGCGCCGGGCTGTAGCTCTGCGACGACAGCGAGCGGTTCTGCTGCGGGTACGTGG[CG]CACGGCCGCAGCGCCCCCACGGCCGGCGCGCACGCCTCGTCCCGCGCGCCCGACGCCTGC,CGCCACGTACCCGCAGCAGAACCGCTCGCTGTCGTCGCAGAGCTACAGCC,,,OTUD7A,NM_130901,Body,,,,15:29562601-29564280,,,,326707,cg04875128,1.309553483533677e-32,2.4257987525608358,True,2.5769869650242435e-28,cg04875128,chr15,31775895,-,cg04875128,66707375,34724474.0,AACTATAACTCTACAACAACAACAAACAATTCTACTACAAATACATAACA,AACTATAACTCTACGACGACAACGAACGATTCTACTACGAATACGTAACG,I,C,Grn,,,,,,,chr15:31775540-31776988,Island,CGGCGCGCGCCGGGCTGTAGCTCTGCGACGACAGCGAGCGGTTCTGCTGCGGGTACGTGG[CG]CACGGCCGCAGCGCCCCCACGGCCGGCGCGCACGCCTCGTCCCGCGCGCCCGACGCCTGC,CGCCACGTACCCGCAGCAGAACCGCTCGCTGTCGTCGCAGAGCTACAGCC,,,OTUD7A,NM_130901,Body,,,,15:29562601-29564280,,,,0
8,cg19283806,18,66389420,"CCDC102B,TMX3",No,-4.29,cg19283806,chr18,66389420,+,cg19283806,62709369,12681323.0,AATTTCTCCTTAAACAATCCCCACAAAAATAACAACCAAAAAAAAATACA,AATTTCTCCTTAAACAATCCCCGCAAAAATAACAACCAAAAAAAAATACG,I,A,Red,,,,,,,,OpenSea,TCCGTAGTATTGTCTCTGGCTTTGAACGCTGTTGAGGGAGGGGAATGTTTGCACTCATCC[CG]CATCCTTTTTTGGCTGCTATCTTTGCGGGGATTGTTCAAGGAGAAATCCATCCTGACTGG,GATTTCTCCTTGAACAATCCCCGCAAAGATAGCAGCCAAAAAAGGATGCG,,,CCDC102B,NM_001093729,5'UTR,,DMR,,,18:66388995-66389733,Unclassified_Cell_type_specific,,388068,cg19283806,2.6453401602866023e-32,2.363048313770177,True,4.580924974207668e-28,cg19283806,chr18,66389420,+,cg19283806,62709369,12681323.0,AATTTCTCCTTAAACAATCCCCACAAAAATAACAACCAAAAAAAAATACA,AATTTCTCCTTAAACAATCCCCGCAAAAATAACAACCAAAAAAAAATACG,I,A,Red,,,,,,,,OpenSea,TCCGTAGTATTGTCTCTGGCTTTGAACGCTGTTGAGGGAGGGGAATGTTTGCACTCATCC[CG]CATCCTTTTTTGGCTGCTATCTTTGCGGGGATTGTTCAAGGAGAAATCCATCCTGACTGG,GATTTCTCCTTGAACAATCCCCGCAAAGATAGCAGCCAAAAAAGGATGCG,,,CCDC102B,NM_001093729,5'UTR,,DMR,,,18:66388995-66389733,Unclassified_Cell_type_specific,,0
