,Unnamed: 0_x,Reporter Identifier,p,fold_change,Rejection on 0.05,qval,Unnamed: 0_y,chr,pos,strand,Name,AddressA,AddressB,ProbeSeqA,ProbeSeqB,Type,NextBase,Color,Probe_rs,Probe_maf,CpG_rs,CpG_maf,SBE_rs,SBE_maf,Islands_Name,Relation_to_Island,Forward_Sequence,SourceSeq,Random_Loci,Methyl27_Loci,UCSC_RefGene_Name,UCSC_RefGene_Accession,UCSC_RefGene_Group,Phantom,DMR,Enhancer,HMM_Island,Regulatory_Feature_Name,Regulatory_Feature_Group,DHS,pos_neg_grad
6,2386,cg12576688,1.6853517429469244e-08,2.036714960667892,True,5.383128360362655e-07,cg12576688,chr1,2344112,-,cg12576688,47750301,28794425.0,AACAAAACCAAACTAAAACTAAAAACAAAACCAAAACCCAAACAAAAACA,AACGAAACCGAACTAAAACTAAAAACGAAACCAAAACCCGAACGAAAACG,I,A,Red,,,,,,,chr1:2343385-2344717,Island,TCAAGGTGCTGGGGCGGGGCCGGACTGGGGCTGGAGGCGGGGCCAGGGCCCGGGCGGAAG[CG]GGGCTGGAGTCCGAACCAGCGCAGCGCGGGGCGGGGCAGCGGGAAGGTAGTCGGAGGCGC,GGCGGGGCCGGACTGGGGCTGGAGGCGGGGCCAGGGCCCGGGCGGAAGCG,,,PEX10;PEX10,NM_002617;NM_153818,TSS200;TSS200,,,,1:2333262-2334657,1:2343840-2344792,Promoter_Associated,,pos
11,6900,cg08862778,1.0955229508280099e-12,2.0049791180111383,True,1.581454411351335e-10,cg08862778,chr1,11322643,+,cg08862778,62626503,,CTTCATTACTATTAACCTATTTTTCAATCCATCTTCTCCCTATACCTATC,,II,,,,,,,,,chr1:11322258-11323036,Island,TCCCCGCTGTCCTCTAAGCCGGGAGCGAGGGAAGGAGGGTTCCCAGCCCTGAGGACCAAT[CG]ACAGGTATAGGGAGAAGATGGACTGAAAAACAGGCCAATAGTAATGAAGAAGAGAAGCTT,CGACAGGTATAGGGAGAAGATGGACTGAAAAACAGGCCAATAGTAATGAA,,,MTOR,NM_004958,TSS200,,,,1:11244846-11245581,1:11322277-11323172,Promoter_Associated,,neg
29,17445,cg04501188,7.56070480886667e-15,2.290666545503602,True,1.963533634477381e-12,cg04501188,chr1,47904171,+,cg04501188,21738380,61686464.0,ATAATAATAAACACAATATACAAATAAAACAACTTCACCAACAAACTCCA,ATAATAATAAACGCGATATACGAATAAAACGACTTCACCAACGAACTCCG,I,C,Grn,,,,,,,chr1:47902793-47905518,Island,GCGGCGGCCCGCGGCGCAGCGGGGCCCGGGCCGGGACCGCCGTCGGGGGGCGCGGCGACG[CG]GAGCCCGCTGGTGAAGCCGCCCTACTCGTACATCGCGCTCATCACCATGGCCATCCTGCA,ATGGTGATGAGCGCGATGTACGAGTAGGGCGGCTTCACCAGCGGGCTCCG,,,FOXD2,NM_004474,1stExon,,,,1:47675329-47678200,,,,pos
31,18110,cg16015712,3.963137566218871e-18,2.2358179340917754,True,2.2224577302043247e-15,cg16015712,chr1,53308597,+,cg16015712,34765476,32610466.0,CCTATACCACACAACAACCCAAAACATCCTTCTAAACATCAAAAAAAACA,CCTATACCACGCAACAACCCAAAACATCCTTCTAAACGTCAAAAAAAACG,I,A,Red,,,,,,,chr1:53308294-53309262,Island,CCCCGCCGCCGGGGTTGCCATGGTTCATTTCTTGCACCCGGGCCACACGCCCCGGAACAT[CG]TCCCTCCTGACGCTCAGAAGGATGCCCTGGGCTGCTGCGTGGTACAGGTGAGCACCGGGG,CGTCCCTCCTGACGCTCAGAAGGATGCCCTGGGCTGCTGCGTGGTACAGG,,,ZYG11A,NM_001004339,1stExon,,DMR,,1:53080883-53081834,1:53307595-53309362,Unclassified,True,pos
40,21103,cg10977910,0.0031440243112393967,2.156258130097655,True,0.0074761952363164245,cg10977910,chr1,84465055,-,cg10977910,50658388,29807313.0,ACCACTACCTCTTCTAAAAATTTACTAAAAACACTACTCAAACTTTCCCA,ACCGCTACCTCTTCTAAAAATTTACTAAAAACACTACTCGAACTTTCCCG,I,A,Red,rs575633,0.434637,,,rs575577,0.169245,chr1:84464223-84465232,Island,ATCAACGGAGGGGCCGCTGCCTCTTCTGGGGGTTTACTGAAGACACTGCTCGAGCTTTCC[CG]GGCCACACACACCCCCCCCCCGTTTGCCTTGGTCCCGCTCGGGGCTCCTTTAGAACGCGG,GCCGCTGCCTCTTCTGGGGGTTTACTGAAGACACTGCTCGAGCTTTCCCG,,,TTLL7,NM_024686,TSS1500,,DMR,,1:84236812-84237820,1:84464324-84465480,Promoter_Associated,True,neg
41,21311,cg18635645,9.636305280994172e-13,2.107634258393224,True,1.4175289933636157e-10,cg18635645,chr1,85667791,+,cg18635645,13723436,,AATCTTTATTTTCTCTCAAACTAAAACTTACTATACCTAAAACACACCTC,,II,,,,,,,,,chr1:85665818-85667650,S_Shore,CCGAGAAAGGGAAAGTGCCCTCCTGGCTGTCACCCCAGCACCTTCACCGCCACCGCTGCA[CG]AGGTGTGTCTTAGGCACAGCAAGTCCTAGCTTGAGAGAAAACAAAGATTGTTTTGACGGA,ATCTTTGTTTTCTCTCAAGCTAGGACTTGCTGTGCCTAAGACACACCTCG,,,SYDE2,NM_032184,TSS1500,,,,1:85438488-85440380,,,,neg
49,24018,cg10117077,1.621339073466979e-05,2.3245006839801072,True,0.00012932356788297194,cg10117077,chr1,111740345,-,cg10117077,38767335,,TAATTATATTAAAAACCAAAAAAAACACAAACCAAAACCTAACCAACAAC,,II,,,,,rs599134,0.321456,,,,OpenSea,GGGAGAGGAGTTAGTTGTATTGAAAGCCAGAGAGAGCACAGACCAGAGCCTGACCAGCAG[CG]GGAGAAGGGGCATCAGGTCCTCGTGCTTGTGGGGCTGCAGAGGGAGCACTAGCATGGCAG,AGTTGTATTGAAAGCCAGAGAGAGCACAGACCAGAGCCTGACCAGCAGCG,,,DENND2D,NM_024901,Body,,,,,1:111740182-111740522,Promoter_Associated_Cell_type_specific,,neg
50,25119,cg04400972,9.338342591121636e-26,2.0180272108843536,True,4.042792627918743e-22,cg04400972,chr1,117665053,-,cg04400972,74745443,13601340.0,AAAATAAAAACATCTCAAACTCACATTACAAAAACCAATTCAAAAAACCA,AAAATAAAAACATCTCAAACTCGCGTTACGAAAACCGATTCGAAAAACCG,I,T,Red,rs78180333,0.014769999999999998,,,,,chr1:117664180-117665148,Island,GGGTATTTTTCGGGGGTGAGGGCATCTCAGGCTCGCGTTACGGGGACCGGTTCGGGAGAC[CG]TGGAGCCGAGGTGTCGAATGGAGGGCTTACTTCGGCCGGGCCAGGGAGCGCCACCCTCCT,CGGTCTCCCGAACCGGTCCCCGTAACGCGAGCCTGAGATGCCCTCACCCC,,,TRIM45;TRIM45,NM_025188;NM_001145635,TSS1500;TSS1500,,,,1:117465578-117466781,1:117663907-117665512,Promoter_Associated,,pos
52,28168,cg09311052,5.033307704673974e-14,2.092097664619778,True,1.0588142394257898e-11,cg09311052,chr1,154531418,-,cg09311052,18673409,,AAACCTAAAACTTACCTCTATAAACRCCTCAATACRAATTTACRTATATC,,II,,,,,,,,,chr1:154531054-154531565,Island,CATGTGACCCGGGGCCTGGGGCTTGCCTCTGTGGGCGCCTCAGTGCGAGTTTGCGTATGT[CG]TGCGTGCTTGCGCGCGACGCCCCTTCGCCTGCGCTCCCCTCTCACGTGACTCGGTGCCGC,GGCCTGGGGCTTGCCTCTGTGGGCGCCTCAGTGCGAGTTTGCGTATGTCG,,True,UBE2Q1,NM_017582,TSS1500,high-CpG:152797725-152798076,,,1:152797306-152798437,1:154531048-154532489,Promoter_Associated,,neg
54,29647,cg07792822,6.3430185605099405e-12,2.2040585409624525,True,7.34432994728592e-10,cg07792822,chr1,157961914,+,cg07792822,12628404,,CCCCTAAAAATAAATACRTAACTCTCTAATACCCTCTATTAATATATAAC,,II,,,,,,,,,chr1:157963540-157963947,N_Shore,GTGGATGCGTCTGGACCACAGGCTGGTGTTAGTATCTGCGGAGGAAAGAGGAGCTGTGGC[CG]CTACACATCAACAGAGGGCACCAGAGAGCCACGCACCTACTTTCAGGGGCAGAAATTGAG,CCCTGAAAGTAGGTGCGTGGCTCTCTGGTGCCCTCTGTTGATGTGTAGCG,,,KIRREL,NM_018240,TSS1500,,,,,1:157961629-157962958,Unclassified,True,neg
67,36379,cg10501210,7.446861232021534e-49,2.1897865371639367,True,1.6119624760058451e-43,cg10501210,chr1,207997020,+,cg10501210,43774458,66775341.0,CAAAACTACAACACCTTACAACAAAACCAAAATTTAAATCTACACAAACA,CGAAACTACGACACCTTACGACGAAACCAAAATTTAAATCTACGCAAACG,I,A,Red,,,,,,,,OpenSea,ACGTGGGGGAAGAAGGGGGTTACGCCATCAAGTCCTGAAGCCCGTCGGACCACCCATCGC[CG]CCTGCGCAGACCCAAATCTTGGTCCCGCCGTAAGGTGCCGCAGTCCCGAATGTTCCAGAA,CGGGACTGCGGCACCTTACGGCGGGACCAAGATTTGGGTCTGCGCAGGCG,,,,,,,CDMR,True,1:206063625-206063801,,,True,neg
76,38090,cg17836114,1.196363261959155e-10,2.027807211310452,True,8.911465396084055e-09,cg17836114,chr1,222628702,+,cg17836114,28765364,,AATACATACAAAACTTCTCRTTAAAAACACAAAACATTTTCRTATCTATC,,II,,,rs4468169,0.042048,,,,,,OpenSea,TTAGCGCCACCTACTGACCACTTGCTCAACAGCGGCCACGTTCAGCAACCACGGTGATCT[CG]ACAGACACGAAAATGTTCTGTGCTCTCAACGAGAAGTTCTGCATGTATTCTTCCCTTCTC,CGACAGACACGAAAATGTTCTGTGCTCTCAACGAGAAGTTCTGCATGTAT,,,,,,,,,1:220695247-220695326,1:222627962-222629047,Unclassified,,neg
79,40899,cg22596738,3.850185010067183e-10,2.0354580309500347,True,2.385968358571894e-08,cg22596738,chr1,236688128,+,cg22596738,45733472,,TCCCTCTTAATTTACCACCTAAATATAACCCCATATCATTAACTTAATTC,,II,,,rs819434,0.255232,,,,,chr1:236687071-236687608,S_Shore,TGCTCTTGTTCTTACTTCCTGAATTGAGTCACGGAGCCAGAGTTTTGAGGTTTTGACTAA[CG]AATTAAGTTAATGACATGGGGCTATATTTAGGTGGTAAACCAAGAGGGATACAGTTTTTT,CCCTCTTGGTTTACCACCTAAATATAGCCCCATGTCATTAACTTAATTCG,,,LGALS8;LGALS8;LGALS8;LGALS8,NM_201544;NM_201543;NM_006499;NM_201545,5'UTR;5'UTR;5'UTR;5'UTR,,,,,1:236686783-236688360,Promoter_Associated,True,neg
94,45927,cg16832267,2.2027508282598786e-11,2.0366775144857323,True,2.1352971329457673e-09,cg16832267,chr2,18060102,+,cg16832267,14736506,19781451.0,AAAAAACACAATAAAATTACAAAATCACCCAAAAAAATCTCCAAAACACA,AAAAAACGCGATAAAATTACAAAATCGCCCGAAAAAATCTCCGAAACGCG,I,C,Grn,,,,,,,chr2:18059493-18060920,Island,GGAGCTAGCTGGATGCGTCCGGACTCCTGCAGGTACCTGGCTGGCGTCCCCACCTCCCTG[CG]CGCTCCGGAGACTTCTCCGGGCGACCCTGCAACTTTACCGCGCCTTCCCCCACCTTTTGC,CGCGCTCCGGAGACTTCTCCGGGCGACCCTGCAACTTTACCGCGCCTTCC,,,KCNS3,NM_002252,5'UTR,,,,2:17922520-17924688,2:18060003-18061352,Unclassified_Cell_type_specific,,pos
107,50906,cg05505450,2.6590763902917704e-10,2.155515200708044,True,1.7447377799191794e-08,cg05505450,chr2,58273643,-,cg05505450,18646338,,TACTCAAATTATAATACAAAAAATCTAACACTCCTACACAAATACATATC,,II,,,,,,,,,chr2:58273642-58274422,Island,GAAGCTCGTAGTACTCAGGTTGTGGTACAGGAGATCTAACACTCCTACACAAATGCATGT[CG]TGCTTATTTCGTACCAAACTGGTCTGGCGGCGGTTCTTCGTCCAGACGCTGGCGGGCCAG,ACTCAGGTTGTGGTACAGGAGATCTAACACTCCTACACAAATGCATGTCG,,,VRK2;VRK2;VRK2;VRK2;VRK2;VRK2,NM_001130483;NM_001130481;NM_001130480;NM_001136027;NM_001130482;NM_006296,TSS200;TSS200;TSS200;TSS200;TSS200;TSS200,,,,2:58127032-58128099,2:58273272-58274989,Promoter_Associated,True,neg
131,66901,ch.2.4116732R,8.949834646748994e-11,2.348775769140305,True,6.986293210618755e-09,ch.2.4116732R,chr2,206658319,+,ch.2.4116732R,11602374,,CTAAAAATATAAAATCAACATATAAACAAAATTAATTCCTTCTAAAAACT,,II,,,rs116036499,0.01086,,,,,,OpenSea,TGAACAGGAGAATGGCCATCTCCAAGCCAAGGAGACAGAGCTAGAATAGATCCTTTCTTA[CA]GCCCTCAGAAGGAACCAACCCTGTCCACATGTTGATCTTACATTTCTAGCCTCCAGAACT,CAGCCCTCAGAAGGAACCAACCCTGTCCACATGTTGATCTTACATTTCTA,,,NRP2;NRP2;NRP2,NM_201279;NM_003872;NM_201266,Body;Body;Body,,,,,,,,pos
146,73241,cg17422427,2.7709707259971003e-12,2.2531770028739806,True,3.5671118958714504e-10,cg17422427,chr2,241507521,+,cg17422427,38620405,,AACCCRAAAACCTTAAAACCACAAAAACAAACTACTTCCAAATATAATTC,,II,,,,,,,,,chr2:241507463-241507669,Island,GCCCGTAGCCCCGGATGAAAGGATGACATTGAGTTCGCGACGCTGCGCTCCTCGGGAACA[CG]AACCACACCTGGAAGCAGCCTGCCCCTGTGGCCCCAAGGTTCCCGGGTCCCTTCAGCGGC,ACCCGGGAACCTTGGGGCCACAGGGGCAGGCTGCTTCCAGGTGTGGTTCG,,True,RNPEPL1,NM_018226,TSS1500,,,,2:241155953-241157300,2:241504916-241508839,Promoter_Associated,True,neg
147,73503,cg06193597,0.0007144843596205606,2.9818275970468555,True,0.0024221056716549855,cg06193597,chr2,241896910,-,cg06193597,54605425,40778416.0,CTACCCATTCTAAACAAAAACCCTTCTCACTAACTACACAAAAACACACA,CTACCCATTCTAAACGAAAACCCTTCTCACTAACTACACAAAAACACGCG,I,C,Grn,rs10173220,0.43826899999999996,,,,,,OpenSea,CAGCCCCCTTCTCTGCCCATTCTGAACGGGAGCCCTTCTCACTGACTGCACAGAGGCACG[CG]CAGGCCGCCTGCTGGGGGGCCGGGGCGTCCAGGCAGCGGGGCCTTGGGGGACGCTCGGTG,CGCGTGCCTCTGTGCAGTCAGTGAGAAGGGCTCCCGTTCAGAATGGGCAG,,,,,,,,,2:241545581-241545649,,,,pos
149,73809,cg00318320,1.7440506530530977e-14,2.0268942343862992,True,4.139481276986619e-12,cg00318320,chr2,242498098,-,cg00318320,22628310,69679306.0,CATCCAAAAAACTCACTCAATCCTCCTTAAACAAAAAAACTCAAAAAACA,CATCCAAAAAACTCGCTCGATCCTCCTTAAACGAAAAAACTCGAAAAACG,I,T,Red,,,,,,,chr2:242498013-242499274,Island,CTTCTCCGGGCGCATCCAGGGAACTCGCTCGGTCCTCCTTAAGCGGGGAAGCTCGGAAAG[CG]TCTCCCCGACTCCGCCCCCAGGGTTGCCTTTCCCTTAGAAGGCCAAGCCCCAAGCCCAGC,CGCTTTCCGAGCTTCCCCGCTTAAGGAGGACCGAGCGAGTTCCCTGGATG,,,BOK,NM_032515,TSS200,,,,2:242146569-242147947,,,,pos
157,77581,cg06713199,1.208616876902777e-12,2.127112028961456,True,1.7234494493289125e-10,cg06713199,chr3,28390809,-,cg06713199,71718419,,CRTCTTTTTCACTCAATATCCTTTTAAAAAATCCCCRAACCRTATAATAC,,II,,,,,,,,,chr3:28389975-28390855,Island,GCCCTCTGGTGCGTCTTTTTCACTCAGTGTCCTTTTGGGGGGTCCCCGGGCCGTGTGGTG[CG]TGCTGGCTCGGCTCAGTAGCGCTGTTACAGGCTTACGAGCTGACGTGGCTGGGAACTGGG,CGCACCACACGGCCCGGGGACCCCCCAAAAGGACACTGAGTGAAAAAGAC,,,AZI2;AZI2;AZI2,NM_001134432;NM_001134433;NM_022461,TSS200;TSS200;TSS200,,,,3:28364957-28366075,3:28389449-28391197,Promoter_Associated,True,neg
165,82401,cg22671299,1.1980177136498276e-11,2.0874876845079524,True,1.2696465622133118e-09,cg22671299,chr3,53380873,-,cg22671299,48758458,,AACCCTTTTCCTAAATACCTTAAAATCTTTTCCRAAACTCTATATAATTC,,II,,,,,,,,,chr3:53381345-53381936,N_Shore,GTGAACACGGAAGCCCTTTTCCTAAGTGCCTTGGAATCTTTTCCGAAACTCTGTGTAGTT[CG]ATTAAAGCCGGACCCACCCACCCCCTCCTTCCAAGAATCGAAACTAATTGGATTTTAAAC,CGAACTACACAGAGTTTCGGAAAAGATTCCAAGGCACTTAGGAAAAGGGC,,,DCP1A,NM_018403,Body,,RDMR,,3:53355843-53355924,3:53380481-53382228,Promoter_Associated,,neg
173,87222,cg10943458,1.1357675946955637e-12,2.017450562079357,True,1.6316050745028592e-10,cg10943458,chr3,120627085,-,cg10943458,74600354,49765367.0,CCTACTCTAAAACCTAACTACTCAATTAAAACCTCAAAAAACACCAAACA,CCTACTCTAAAACCTAACTACTCGATTAAAACCTCGAAAAACGCCAAACG,I,C,Grn,,,,,,,chr3:120626880-120627579,Island,GGGAGGGCGGAGCCTGCTCTGGAGCCTGACTGCTCGGTTAGGACCTCGGAGAGCGCCAGG[CG]CCGCGACCAGAGGGCCCAGAGAAGCGGCCGGAGCCCGCCTACCTCGGCCCCCTCAGCTTC,CCTGCTCTGGAGCCTGACTGCTCGGTTAGGACCTCGGAGAGCGCCAGGCG,,,STXBP5L;STXBP5L,NM_014980;NM_014980,1stExon;5'UTR,high-CpG:122109716-122109795,,,3:122109343-122110635,,,True,pos
179,90206,cg01519350,2.482297542091339e-10,2.149279935391299,True,1.6454375157442544e-08,cg01519350,chr3,137906342,-,cg01519350,23774510,,CTAACTACCTTTAAAAAACRATACCTAACRTTAACCAATAATTAACTATC,,II,,,,,,,,,chr3:137906035-137906861,Island,TTCTCGTCTATCTGGCTGCCTTTAGGGAGCGGTGCCTAGCGTTGGCCAATAGTTGGCTGT[CG]AAAGTGCCGGCCCCCGCGCCGGCGCCTGCAGCAGCCGGGTGGGAAGGCTCAAGATGGCGT,CGACAGCCAACTATTGGCCAACGCTAGGCACCGCTCCCTAAAGGCAGCCA,,,ARMC8;ARMC8;ARMC8;ARMC8;ARMC8;ARMC8,NM_014154;NM_015396;NM_015396;NM_213654;NM_014154;NM_213654,1stExon;5'UTR;1stExon;5'UTR;5'UTR;1stExon,high-CpG:139388770-139389297,,,3:139388735-139389758,3:137905443-137907392,Promoter_Associated,,neg
182,93954,cg18652121,3.7868696799009236e-16,2.173598059129643,True,1.325324793291372e-13,cg18652121,chr3,179322868,+,cg18652121,14793421,,ATATAAACACRATCTATCTAACTACTTCAAAAAAACCCCTCATATAACTC,,II,,,,,,,,,chr3:179322346-179322788,S_Shore,GGGATCCGGAGGGAGCCGGGACAAGTTGTGGGCTTGGGGCTTGACAGGAGAGACGGAGCA[CG]AGCTATATGAGGGGTTTTCCTGAAGTAGCCAGATAGATCGTGTTTACATTATTAGCATTT,TGTAAACACGATCTATCTGGCTACTTCAGGAAAACCCCTCATATAGCTCG,,True,MRPL47;MRPL47;NDUFB5,NM_177988;NM_020409;NM_002492,TSS1500;TSS1500;Body,,,,3:180804906-180805563,3:179321930-179323132,Promoter_Associated,True,neg
184,93995,cg13473356,3.4964300483505194e-17,2.2420616156839914,True,1.5445800839307145e-14,cg13473356,chr3,179754613,-,cg13473356,10802329,40778349.0,ACCAAAAACTATTCTCCACTCAAAATACTAAAAACAAACACAAAAAAACA,ACCGAAAACTATTCTCCGCTCGAAATACTAAAAACGAACGCGAAAAAACG,I,C,Grn,,,,,,,chr3:179754520-179755245,Island,GCGCTGCGGGCTGCCGGGAACTGTTCTCCGCTCGGGGTGCTGAAAGCGGACGCGGGAGAG[CG]CGCAGAGAAGGCGAGGAGCCGGGTCGGCCAGGCTCTCCTGCAGGCGCGGGTCCTGCTCGC,GCCGGGAACTGTTCTCCGCTCGGGGTGCTGAAAGCGGACGCGGGAGAGCG,,,PEX5L,NM_016559,TSS200,,,True,3:181236851-181237983,,,True,pos
197,102166,cg01394167,6.274581230544092e-06,2.074721552072399,True,6.124677138916105e-05,cg01394167,chr4,9479622,-,cg01394167,12717498,,TCTCAAACACCTAAAAACTTTTAAAATTATTATTCTTTATCAATCTCCAC,,II,,,,,,,,,,OpenSea,ATCCAGGTCCGTCTCAAGCACCTAAGAACTTTTGGAATTATTGTTCTTTGTCAGTCTCCA[CG]GAACACTCCCCTCCTGCCTGTTCCCAAGCCACGGACCAAGGACTACCGGACGGTACAGGA,CTCAAGCACCTAAGAACTTTTGGAATTATTGTTCTTTGTCAGTCTCCACG,,,,,,,,,4:9088613-9089054,,,,neg
210,104472,cg25150953,2.2097166814676062e-16,2.118356051682285,True,8.311376060883423e-14,cg25150953,chr4,41540229,-,cg25150953,37615408,,TCAACCRCAACAACCTACTTATAAACAAAACAAAAATTAACAATAATAAC,,II,,,rs28718072,0.077626,,,,,,OpenSea,GCATCAGCATTTCAGCCGCAGCAGCCTGCTTGTGGACAGAGCAGGGGTTGGCAGTGGTGA[CG]ACTGTTTTGGGAAAGGAAATGTAAGGGCATTTCGGCTGCTGTGCTGGGGCTGACGAGGAG,CGTCACCACTGCCAACCCCTGCTCTGTCCACAAGCAGGCTGCTGCGGCTG,,,LIMCH1;LIMCH1;LIMCH1,NM_014988;NM_001112718;NM_001112717,Body;Body;Body,low-CpG:41234930-41235091,,,,,,,neg
216,106771,cg01092528,2.1158896574475886e-07,2.3906027165356476,True,4.14319695174291e-06,cg01092528,chr4,76861103,-,cg01092528,56609430,,RCCCTATTTTTATCACACRAAAAATATATCTCCTCCCRCTAATCTATATC,,II,,,,,,,,,chr4:76861089-76862426,Island,AAGCAGGCACCGCCCTGTTTTTATCACACGGAAAATATGTCTCCTCCCGCTAGTCTGTGT[CG]GGGGCCCCCGCAAGCCCCGCGTTACTCCGCGCGGGCTTGGGGCACTCACACGGAGGACTC,CCCTGTTTTTATCACACGGAAAATATGTCTCCTCCCGCTAGTCTGTGTCG,,,NAAA;NAAA,NM_001042402;NM_014435,Body;Body,,,,4:77079942-77081450,4:76860795-76862576,Promoter_Associated,,neg
221,107944,cg03480535,9.874323031918305e-14,2.062624927758741,True,1.919547114625146e-11,cg03480535,chr4,87856849,-,cg03480535,22721319,,AAAATAAAATTCTTCTCTCCTACACCCCRAAACCCTTCCCTATACCTATC,,II,,,,,,,,,chr4:87855873-87857204,Island,GGGGGCGGGGAAAAGTGGGGTTCTTCTCTCCTGCACCCCGGGACCCTTCCCTGTGCCTGT[CG]TGGAGAGAGATGAGGGCTTCCCGCCGCGTCTCGCTGAGAGCAGGAGGGAGGCGTGTGTCG,AAGTGGGGTTCTTCTCTCCTGCACCCCGGGACCCTTCCCTGTGCCTGTCG,,,AFF1,NM_001166693,5'UTR,,,,4:88074898-88076460,4:87856598-87857087,Promoter_Associated,,neg
226,112036,cg02650266,1.0248329915819704e-25,2.1961251328903093,True,4.225474267120314e-22,cg02650266,chr4,147558239,+,cg02650266,66683464,73675449.0,ACTATCCTCAAAAACCACCAAAATACTAAAAAAAACAACAACAACAAACA,GCTATCCTCAAAAACCGCCAAAATACTAAAAAAAACGACAACAACGAACG,I,C,Grn,rs115134269,0.012598,,,,,chr4:147558231-147558583,Island,GCCCGAGAGGATCCAGGGAAAGCAGAAGGGGGTTAAGGACCATGGACAGAGCCCGTCGCG[CG]CTCGTTGCTGCCGCCTTCCCCAGCACTCTGGCGGCTCCTGAGGACAGCGGTCCCATCTTG,GCTGTCCTCAGGAGCCGCCAGAGTGCTGGGGAAGGCGGCAGCAACGAGCG,,,,,,,,,4:147777501-147778016,4:147557996-147558356,Unclassified_Cell_type_specific,True,pos
227,112423,cg08896901,0.006938915514910224,2.5007904268867063,True,0.013711678391386877,cg08896901,chr4,152996165,+,cg08896901,41787306,,ACTATACTATCACTCRCTCATAATCTTAAAACAAAATATTTACACRAACC,,II,,,,,rs7656970,0.417202,,,,OpenSea,CTGCTCAAGTGTCCCCTTTTGCTGCTTTGACACCTCCACGGAGCTGCCCGGTGCCATCCG[CG]GCTCGTGCAAACACTCTGCTCCAAGATTATGAGCGAGTGACAGCACAGCCTTTCAAGGTG,CTGTGCTGTCACTCGCTCATAATCTTGGAGCAGAGTGTTTGCACGAGCCG,,,,,,,,True,,,,,neg
228,113330,cg23151374,5.9147516650999775e-09,2.1168140619754827,True,2.2863503913621366e-07,cg23151374,chr4,164415611,-,cg23151374,22702360,,ACTCTAAAACAAATAAACAAACTCCRCTCTTAAAACCRAAAACRTATAAC,,II,,,,,,,,,chr4:164415409-164416186,Island,TCTGGAGTCGTGCTCTGGGACAGATGGGCAAGCTCCGCTCTTGGGGCCGGAAGCGTGTAG[CG]TCTCCACCCGGGCTCCAATCCCCAGCCTCGCACTCAGCACCAGGCAGAGTTCAGCCTCCC,CGCTACACGCTTCCGGCCCCAAGAGCGGAGCTTGCCCATCTGTCCCAGAG,,,C4orf43,NM_018352,TSS200,,,,4:164634890-164635873,4:164415267-164416669,Promoter_Associated,True,neg
233,116190,cg18678716,0.0011548684842901634,3.016913942487068,True,0.003493413013686851,cg18678716,chr5,197386,-,cg18678716,57656474,48763336.0,AACAAATATACAATCAAATTTTACACCACAACATTCAATTCCCAACAACA,AACAAATATACAATCGAATTTTACACCGCGACATTCAATTCCCAACGACG,I,A,Red,,,rs13172041,0.49315699999999996,,,chr5:195087-195323,S_Shelf,GTCTCAGAGTTGAACAAATGTACAATCGGGTTTTACACCGCGACATTCAGTTCCCAGCGG[CG]AGCAGGAGACAGTGGACTTCTCTCTCTCAACTGCAAGAGGCTTTCGTCTTTTACTAACCC,CGCCGCTGGGAACTGAATGTCGCGGTGTAAAACCCGATTGTACATTTGTT,,,,,,,,,5:250283-250510,,,,neg
247,122955,cg07145255,2.899916148097744e-13,2.148091767459639,True,4.974022577254627e-11,cg07145255,chr5,59995354,-,cg07145255,49784482,,RACAAAAACTCTCCTAAAACATCTATCCTAACCAACTCTTCATCTAAATC,,II,,,,,,,,,chr5:59995374-59996331,N_Shore,AACTCAGAGTCGGCAAAGACTCTCCTAAAACATCTGTCCTGGCCAGCTCTTCATCTGGAT[CG]GTGCTGACAGAAACAGAAACGCCAGGGGCCGGAAATGCGGCCAGCGCGATGCCCCTCTGT,GCAAAGACTCTCCTAAAACATCTGTCCTGGCCAGCTCTTCATCTGGATCG,,,DEPDC1B;DEPDC1B,NM_018369;NM_001145208,Body;Body,,,,,,,,neg
260,130545,cg15563057,1.0411167988227145e-11,2.0707696127005764,True,1.130588461408331e-09,cg15563057,chr5,139493612,-,cg15563057,49607504,,TACTACTATACTAAAAAATCAATACCCTATTACCRAATCTCRTCTATCTC,,II,,,,,,,,,chr5:139493595-139494541,Island,GTAGGGCGCCCTGCTACTGTACTGGGGAGTCAGTGCCCTGTTACCGGGTCTCGTCTGTCT[CG]TCTCTCCCGCAGATCTCGCGAGAGTGGCTGACTGGCTGTGGGGGTTGCGGCGGCAGCAGG,GCTACTGTACTGGGGAGTCAGTGCCCTGTTACCGGGTCTCGTCTGTCTCG,,True,PURA,NM_005859,TSS200,,,,5:139472964-139474692,5:139493279-139493881,Promoter_Associated,,neg
268,134117,cg01135780,1.5474819670886083e-12,2.171763470451912,True,2.1431288647468608e-10,cg01135780,chr5,158527707,-,cg01135780,51681411,63768373.0,ACTAAAAATCTACATCCTAACCATTACAATCCTTTAACATCCTCACCACA,ACTAAAAATCTACATCCTAACCATTACAATCCTTTAACATCCTCGCCGCG,I,C,Grn,,,,,,,chr5:158527374-158527983,Island,TCAGGAATTTGAGCTGGGGATCTGCATCCTGGCCATTGCAGTCCTTTAGCATCCTCGCCG[CG]CCCTGAGCGCGCTGGAGGCTCGCAGGCTGCGCCCTCCCAGGGCTGATGCCGCGTCCTGCT,CGCGGCGAGGATGCTAAAGGACTGCAATGGCCAGGATGCAGATCCCCAGC,,,EBF1,NM_024007,TSS1500,,DMR,,5:158459953-158460634,5:158527321-158527838,Unclassified,,pos
269,134518,cg14103574,1.0117460008200577e-11,2.0719495085678656,True,1.1032975457406112e-09,cg14103574,chr5,162932455,-,cg14103574,64643491,,AACAAAACCTAAATTCACTACCTAAAATCAAAACCTTTCTTTTATATATC,,II,,,,,,,,,chr5:162932454-162932946,Island,AAAATCTCCGAAACAAAACCTGAATTCACTGCCTAAGGTCAGGGCCTTTCTTTTGTGTGT[CG]CTTTAAGCATCGGCGCGTGGGCTGGGGGCAGACCGCGCGTACCCGCCCTCTTTCTGGGGC,ACAAAACCTGAATTCACTGCCTAAGGTCAGGGCCTTTCTTTTGTGTGTCG,,,MAT2B;MAT2B,NM_013283;NM_182796,TSS200;Body,,,,5:162865033-162865554,5:162932356-162933539,Promoter_Associated,,neg
278,140767,cg24724428,2.46332982531412e-38,2.1722471177510347,True,2.666086503235725e-33,cg24724428,chr6,11044888,+,cg24724428,46711314,54760420.0,ACAACTACCAATCTAAACAACAAATAAATATTCCTAAAACTCCATAAACA,ACGACTACCGATCTAAACAACGAATAAATATTCCTAAAACTCCGTAAACG,I,T,Red,,,,,,,chr6:11043913-11045206,Island,CCTGCCGGCCGGGCGGCGATTTGCAGGTCCAGCCGGCGCCGGTTTCGCGCGGCGGCTCAA[CG]TCCACGGAGCCCCAGGAATACCCACCCGCTGCCCAGATCGGCAGCCGCTGCTGCGGGGAG,CGTCCACGGAGCCCCAGGAATACCCACCCGCTGCCCAGATCGGCAGCCGC,,,ELOVL2,NM_017770,TSS1500,,,,6:11151611-11153237,6:11044102-11044892,Unclassified_Cell_type_specific,True,pos
281,141731,cg10154826,0.004629266820415584,2.2012132702133957,True,0.010060695416040905,cg10154826,chr6,17600994,+,cg10154826,53620329,,AAACCRCTATACCAAATAAAATAACCRCAATAAAACTACCACAACCACTC,,II,,,,,,,,,chr6:17600382-17601397,Island,CGCGGCGCCACGAGAGAGACCAGCTCGGCTGAGCGCCCGCGAGTACTCCCGGCAAGTGCA[CG]AGTGGCTGTGGCAGTCCTACTGCGGCTACCTCACCTGGCACAGCGGCCTGGCCGCCTTCC,GGCCGCTGTGCCAGGTGAGGTAGCCGCAGTAGGACTGCCACAGCCACTCG,,,FAM8A1,NM_016255,1stExon,,,,6:17708182-17709376,6:17599939-17601701,Promoter_Associated,,neg
282,142058,cg25817788,2.3053953294725397e-11,2.1473945977974744,True,2.2193928566078937e-09,cg25817788,chr6,21589024,-,cg25817788,60667364,,AACATATTTACAATAAAAAAAACTTTCCTCCAAAAAACACAATCTAAATC,,II,,,,,,,,,chr6:21587421-21589175,Island,GGATCGCCTGAAACATGTTTACAGTAGGAAGGACTTTCCTCCAGAAAGCACAGTCTGAGT[CG]ATTCCAATTTATTTCCTCCCTGTAACTGTAAGCGAAAGGAGAGGTTCGGCTGCCGCGGCG,CGACTCAGACTGTGCTTTCTGGAGGAAAGTCCTTCCTACTGTAAACATGT,,,,,,,,,6:21695198-21697154,6:21588795-21590274,Promoter_Associated,True,neg
295,152565,cg21223191,0.012509515908974112,2.1185537909546213,True,0.02166727212319695,cg21223191,chr6,32583741,+,cg21223191,48653506,,AAAAATTATACCATTAACTCCCTTAATCCTCAACCCTTCTAACTCTCACC,,II,,,,,rs9271348,0.24916100000000002,,,,OpenSea,AAGAAGTGCCACAATATGCCATCTGCAAGTAGGAGACCCAGGAAAGCAGGTGGTGTAATT[CG]GTGAGAGTCAGAAGGGTTGAGGATCAAGGGAGCCAATGGTACAACTCCCAGTCTGAGGCC,CGGTGAGAGTCAGAAGGGTTGAGGATCAAGGGAGCCAATGGTACAACTCC,,,,,,,,,,,,,pos
304,157303,cg14347670,3.8081314566651246e-11,2.00215629851237,True,3.414299282967125e-09,cg14347670,chr6,41908995,-,cg14347670,15621401,,RACCCRAAAAAAAACACAATTAAAATACCAAATAACTAACAATCACTATC,,II,,,,,,,,,chr6:41908745-41909711,Island,CCCGTTTGCTCGGCCCGAAGAGAGGCACAGTTAGGGTGCCAAGTGACTGGCAGTCACTGT[CG]GGAGGAGCCGATTAGGGCTCGGGAAAGCAAGGGAGGCAGCTGGCGTGGGTGCCCTAGTGA,GCCCGAAGAGAGGCACAGTTAGGGTGCCAAGTGACTGGCAGTCACTGTCG,,,CCND3;CCND3;CCND3;CCND3,NM_001136017;NM_001136125;NM_001136126;NM_001760,5'UTR;Body;5'UTR;Body,,,,6:42016081-42017781,6:41908147-41910032,Promoter_Associated,,neg
309,159057,cg17216600,6.097610142140067e-13,2.0374662351902866,True,9.543751891452807e-11,cg17216600,chr6,52442344,-,cg17216600,57657475,32685498.0,TAACCCCAAAAACTAAAAACAACACAAATACAACAAAAACAAAAAAACCA,TAACCCCGAAAACTAAAAACGACGCGAATACGACGAAAACAAAAAAACCG,I,C,Grn,,,,,,,chr6:52441975-52442386,Island,GGTTGCGGGCTGTGGCCCCGGGGGCTGAGGGCGGCGCGGGTGCGGCGGAAGCAGGGAAGC[CG]CGAACCGGCCTTCTGGCTGGCCACAGCGCCCTGCACGGACGATCAGTGAATGGAGATTAC,TGGCCCCGGGGGCTGAGGGCGGCGCGGGTGCGGCGGAAGCAGGGAAGCCG,,,TRAM2,NM_012288,TSS1500,,,,6:52549231-52550424,6:52440758-52442826,Promoter_Associated,True,pos
313,160319,cg00648153,7.67831536122588e-12,2.0543290085198804,True,8.667867012890098e-10,cg00648153,chr6,74364149,-,cg00648153,72746498,,TATTAACRATCAATTACCATACTATTAACAACCTTTATACRATCTACCTC,,II,,,,,,,,,chr6:74363202-74364006,S_Shore,TGACATTCGCTTGTTAGCGGTCAGTTGCCATACTGTTAGCAACCTTTGTACGATCTACCT[CG]TGACTGTGGCGGCATATTTACCTCGTGACTGTGGCGGCATATTGTCCCTAAAATAGCTTT,CGAGGTAGATCGTACAAAGGTTGCTAACAGTATGGCAACTGACCGCTAAC,,True,SLC17A5,NM_012434,TSS1500,,,,6:74419695-74420896,,,,neg
329,174043,cg18500431,1.057979392065784e-12,2.176504319868968,True,1.535449783207132e-10,cg18500431,chr7,1709489,-,cg18500431,51662487,,TTACTTAAAATAATAAAAATCRCRAATAACTTATTCAACCAACAACTATC,,II,,,,,,,,,chr7:1703861-1710517,Island,ACGCCTTGGCTTTGCTTGAGGTGGTGGGAGTCGCGGGTAGCTTGTTCAGCCAACAGCTGT[CG]CCCCCACTCCCCCCACCCACCCACCCACCCCCTCCACCTTTTAGATGTGGGCGGGGAGGG,TGCTTGAGGTGGTGGGAGTCGCGGGTAGCTTGTTCAGCCAACAGCTGTCG,,,,,,,DMR,True,7:1675418-1677352,,,,neg
334,175861,cg07249765,0.00021969142416530511,2.0601476944522443,True,0.0009810018229636291,cg07249765,chr7,4244643,-,cg07249765,70658310,61610380.0,TAAAATACAAAAATACAACCACACCCCTAATAACAATATAATAAAACACA,TAAAATACGAAAATACGACCACACCCCTAATAACGATATAATAAAACGCG,I,A,Red,rs870394,0.063586,,,,,,OpenSea,ATGGCTGTGTGGTGAGGTGCGGAGGTGCGGCCACACCCCTAATGGCGGTGTGGTAAGGCG[CG]GAGGTGCGGCCGCAACATCCTCATGTGTCCTTTGGTTTGCGTGTGCCATGCAGCCCTGCA,CGCGCCTTACCACACCGCCATTAGGGGTGTGGCCGCACCTCCGCACCTCA,,,SDK1;SDK1,NR_027816;NM_152744,Body;Body,,,,7:4210710-4211211,,,,neg
340,177771,cg24398793,0.02738449796689896,2.3322244335987508,True,0.040313256277436156,cg24398793,chr7,15651770,-,cg24398793,74630441,,TTTTCAATACAAACAAAAACAAACACATACCTACTCACTACCATACRCAC,,II,,,,,rs17199,0.369555,,,,OpenSea,TAGCAATTTAATTTTCAGTGCAAGCAAAAGCAAACACATACCTGCTCACTGCCATACGCA[CG]ACCAAACACATCTGGAATATTCAAAGCAAGTTCACCTTCTCCATCTTCACTGTGGAAGCT,CGTGCGTATGGCAGTGAGCAGGTATGTGTTTGCTTTTGCTTGCACTGAAA,,,MEOX2,NM_005924,3'UTR,,,,,,,,pos
356,183762,cg21634283,0.01391509303612222,2.0782667474087497,True,0.023556881454861105,cg21634283,chr7,57071676,-,cg21634283,56729510,10693355.0,AAAACAAAACCAAAAAATCCAAAAACAACAACAACAACAACAATAACTCA,AAAACGAAACCGAAAAATCCGAAAACAACAACAACAACAACAATAACTCG,I,A,Red,rs187876791,0.3164,,,,,chr7:57071951-57072386,N_Shore,CCCAGGCTGAGCAGGACGGGGCCGAAGAGTCCGAGAGCAGCAGCAGCAGCAGCAGTGGCT[CG]GAGACAGAAGGGGAGGAGGAAGGCGACAAGAACGGGGACGGGGGCTGCGGCGCCGGGGGC,AGGACGGGGCCGAAGAGTCCGAGAGCAGCAGCAGCAGCAGCAGTGGCTCG,,,,,,high-CpG:57075618-57075619,,,7:57075237-57076328,,,True,neg
375,192743,cg16069065,0.0037688267266730298,2.344320074123142,True,0.008585462007841315,cg16069065,chr7,129412730,+,cg16069065,29612325,,CTAAAATATCTAACCAAAATTCTACTCCTTCCTACCTAACRAAAAAAACC,,II,,,,,rs6467265,0.42322600000000005,,,,OpenSea,GTGTGAGGAGGTGGAGCCCAGCTGCAGACCACCCAGGGGCTGAGGGCAGCTTCTGTCATC[CG]GCCTTCCCCGCTAGGCAGGAAGGAGCAGAACCCTGGCCAGACACTCCAGAGGCTCCAGGG,CGGCCTTCCCCGCTAGGCAGGAAGGAGCAGAACCCTGGCCAGACACTCCA,,,,,,,,True,,,,True,neg
376,193075,cg00094518,3.0449792853547333e-20,2.1144354250368314,True,2.8471805877600705e-17,cg00094518,chr7,130418549,+,cg00094518,44700313,55758338.0,TCTAAACAAACTTACACAACAACTCTAACAAAAACTCCTAAAAAAACTCA,TCTAAACGAACTTACGCGACAACTCTAACGAAAACTCCTAAAAAAACTCG,I,A,Red,,,,,,,chr7:130417912-130419378,Island,GGTCTGGACGGAGCACGGGATCGGGTCGGAGAAGCCGGACGAGGCGCGTGGAGCTTCCCC[CG]AGTTCTCCCAGGAGCCCTCGCCAGAGCTGCCGCGCAAGTCCGCCCAGACGCTTGCAGCCA,TCTGGGCGGACTTGCGCGGCAGCTCTGGCGAGGGCTCCTGGGAGAACTCG,,,KLF14,NM_138693,1stExon,,,,7:130068467-130069793,7:130418325-130419878,Unclassified,True,pos
377,193083,cg07955995,1.023336403705462e-26,3.4374519111548474,True,5.98684985456464e-23,cg07955995,chr7,130419159,-,cg07955995,49679509,57684340.0,ATCTCCACATTCTTTCTTCTACCAACAAACCAAATAATAATAACAAAACA,ATCTCCGCGTTCTTTCTTCTACCGACGAACCAAATAATAATAACAAAACG,I,A,Red,,,,,,,chr7:130417912-130419378,Island,AGAAATTATCTTGTCTCCGCGTTCTTTCTTCTGCCGGCGAGCCAGGTAATGGTAACAGAG[CG]AAACTCCCCAGTCGGAACTTCTGGGTTGCAGCAGCCTCGCCCCCCCTCCCCGCAGCCCGC,CGCTCTGTTACCATTACCTGGCTCGCCGGCAGAAGAAAGAACGCGGAGAC,,,KLF14,NM_138693,TSS1500,,,,7:130068467-130069793,7:130418325-130419878,Unclassified,True,pos
378,193084,cg22285878,1.0545519849239588e-23,2.4799879035887837,True,2.4947588170558465e-20,cg22285878,chr7,130419173,-,cg22285878,49781392,49684508.0,TCTTCTACCAACAAACCAAATAATAATAACAAAACAAAACTCCCCAATCA,TCTTCTACCGACGAACCAAATAATAATAACAAAACGAAACTCCCCAATCG,I,A,Red,,,,,,,chr7:130417912-130419378,Island,CTCCGCGTTCTTTCTTCTGCCGGCGAGCCAGGTAATGGTAACAGAGCGAAACTCCCCAGT[CG]GAACTTCTGGGTTGCAGCAGCCTCGCCCCCCCTCCCCGCAGCCCGCCGCCCGCTGGTCCG,TCTTCTGCCGGCGAGCCAGGTAATGGTAACAGAGCGAAACTCCCCAGTCG,,,KLF14,NM_138693,TSS1500,,,,7:130068467-130069793,7:130418325-130419878,Unclassified,True,pos
379,197712,cg00292135,4.928334481828358e-27,2.0628785353520587,True,3.0479918245872285e-23,cg00292135,chr7,156433068,-,cg00292135,35699322,61726300.0,AAACCCAAATAAACAAACAACTAAAAAACATAACTACACCCACAAAACCA,AAACCCAAATAAACGAACGACTAAAAAACGTAACTACGCCCACAAAACCG,I,C,Grn,rs7787888,0.062672,,,,,chr7:156432433-156433670,Island,CAACCGGGGCCCAGGCCCAGGTGGGCGGGCGGCTGAGGAGCGTGGCTGCGCCCACAAAGC[CG]CCGGGGGCTGCGGACTACAGCGAAGCCGGCGCGGGGCTCGGCCCTCACTACACGAGGCCT,AGGCCCAGGTGGGCGGGCGGCTGAGGAGCGTGGCTGCGCCCACAAAGCCG,,,C7orf13;RNF32,NR_026865;NM_030936,Body;TSS1500,,,,7:156125195-156126707,7:156432754-156434135,Unclassified,,pos
380,197713,cg07927379,1.6635340543332458e-22,3.077070168797259,True,2.8125690692362466e-19,cg07927379,chr7,156433108,+,cg07927379,42797400,27785403.0,ACTAAAACACAAAAACATACAAACACCCAAACCTCATATAATAAAAACCA,ACTAAAACACGAAAACGTACAAACGCCCAAACCTCGTATAATAAAAACCG,I,A,Red,,,,,,,chr7:156432433-156433670,Island,CGTGGCTGCGCCCACAAAGCCGCCGGGGGCTGCGGACTACAGCGAAGCCGGCGCGGGGCT[CG]GCCCTCACTACACGAGGCCTGGGCGCCTGCACGCCCCCGTGCTTCAGCCCGCGGCTCCCG,CGGCCCTCACTACACGAGGCCTGGGCGCCTGCACGCCCCCGTGCTTCAGC,,,C7orf13;RNF32,NR_026865;NM_030936,Body;TSS1500,,DMR,,7:156125195-156126707,7:156432754-156434135,Unclassified,,pos
390,204787,cg18339359,0.002090672230444421,2.2049597383810515,True,0.005484522877351408,cg18339359,chr8,23423757,-,cg18339359,54790445,10698398.0,TCTAAAAACCCTTACAAAACATCAACATCATAATCATAAATACAAAACCA,TCTAAAAACCCTTACGAAACGTCAACGTCATAATCATAAATACAAAACCG,I,A,Red,,,rs10992,0.480347,,,,OpenSea,GGACCGAAGGCTTCTGGAGGCCCTTGCGAGGCGTCAACGTCATGATCATGGGTGCAGGGC[CG]GCCCATGCCATGTATTTTGCCTGCTATGAAAACATGAAAAGGACTTTAAATGACGTTTTC,CGGCCCTGCACCCATGATCATGACGTTGACGCCTCGCAAGGGCCTCCAGA,,,SLC25A37,NM_016612,Body,,,,8:23479646-23479703,,,,neg
394,208343,cg17783401,2.1793166818566377e-14,2.104894263769645,True,5.053446680107675e-12,cg17783401,chr8,54790518,-,cg17783401,29625483,32798459.0,ACCAAAAAAATACAAACCAAACCTAATAACTACAAAATAAAAAAACCACA,GCCGAAAAAATACAAACCGAACCTAATAACTACGAAATAAAAAAACCGCG,I,C,Grn,,,,,,,chr8:54789581-54790665,Island,AAGACTTCCACCGCCGAAAGAATACAGGCCGGGCCTGGTGACTGCGGAGTGAGGGAACCG[CG]CCAGGCCCACGAGGCCGCTCGCGACCGCTCCCGCCTTCAGGACCCTGGAGAGCGGCCGCC,CGCGGTTCCCTCACTCCGCAGTCACCAGGCCCGGCCTGTATTCTTTCGGC,,,RGS20,NM_170587,Body,,CDMR,,8:54951826-54953218,8:54789858-54790966,Unclassified_Cell_type_specific,True,pos
403,210736,cg00570618,2.6804779719095205e-21,2.0513301009025176,True,3.3155521300313067e-18,cg00570618,chr8,81143035,+,cg00570618,36767481,,CATTCTTAAAATCRTAATTTAACATACATACCACCACATTAAATAAAACC,,II,,,rs114091638,0.031712,,,,,,OpenSea,AGAATGTCCAGACTATCTGAATAAATCATCCCTGTAGGAATGAACAGTGCTGCTGGAGTT[CG]GTTTTATTTAATGTGGTGGCATGTATGCTAAACTACGACTTCAAGAATGTGGCAATTGTG,CGGTTTTATTTAATGTGGTGGCATGTATGCTAAACTACGACTTCAAGAAT,,,,,,,,True,,8:81142691-81143642,Unclassified,True,neg
404,211444,cg27333517,1.5095504294962794e-12,2.0128481583258924,True,2.0993273695446427e-10,cg27333517,chr8,92083018,+,cg27333517,31704349,,CCTAAACTAAAACRAATCCATTCAAAATACACCCATTAAAAACAAATATC,,II,,,,,,,,,chr8:92082236-92082985,S_Shore,GCCGTCTTGGTCCGCTCCCAAACCCACGATGCCTCCCTTTTCTATACCTGCCCCAGTTAC[CG]ATACTTGTCCCTAATGGGTGTATTTTGAATGGACCCGCCTCAGTTTAGGAGGTTCAGAAA,CTAAACTGAGGCGGGTCCATTCAAAATACACCCATTAGGGACAAGTATCG,,,OTUD6B,NM_016023,Body,,,,8:92151445-92152195,8:92081580-92083110,Promoter_Associated,,neg
411,214484,cg25193323,3.6824933044551163e-10,2.090363323062276,True,2.2994947805249194e-08,cg25193323,chr8,125437986,-,cg25193323,15769447,,CAACACTAATAATTCTATAATTATTCTAATAAAAACCAACTACATAATTC,,II,,,,,,,,,,OpenSea,TATCTGCTCTACAGCACTGGTGATTCTGTAATTATTCTAGTGAGGACCAGCTACATAATT[CG]TGGGGTCCAGTGCAAAATGAAAATGAGGGGTCCCCTTGCTCCAGAATGACGGCATCTGTT,AGCACTGGTGATTCTGTAATTATTCTAGTGAGGACCAGCTACATAATTCG,,,,,,,,True,,8:125437505-125438609,Unclassified,,neg
430,231893,cg10309386,1.5319613569856954e-05,2.365367009456232,True,0.00012367561229845135,cg10309386,chr10,13515334,-,cg10309386,49741454,,AAACTTAAAACTAATATCCRTCATCRCTATTAAACTCRAAAATAATATCC,,II,,,,,rs28519437,0.436645,rs28519437,0.436645,chr10:13515185-13515427,Island,TCATCGCTGTGAGACTTGGGGCTGGTATCCGTCATCGCTGTTAGACTCGGGGATGGTATC[CG]TCATCGCTGTTAGACTCAGGGCCGATATCGTCATCGCTGTGAGACTTGGGGCTGGTATCC,CGGATACCATCCCCGAGTCTAACAGCGATGACGGATACCAGCCCCAAGTC,,,BEND7;BEND7,NM_152751;NM_001100912,Body;Body,,,,10:13555204-13556753,,,,pos
432,232262,cg02073427,1.5850716702516544e-09,2.022634457148905,True,7.727652790225532e-08,cg02073427,chr10,15252052,-,cg02073427,39717461,,AAAAAAACTCACCACTAAAAAACRAAAACAAAATACCTTTAATAACTATC,,II,,,,,,,,,chr10:15254598-15254852,N_Shelf,CGTTACAGGTGGGGAAAACTCACCACTAGGGGGCGGGAGCAAGATGCCTTTGATGGCTGT[CG]TCCTTCAGACCACGTAACTGATTTGGAATACTGTGACATATTCACCCTTCCACCCTCCGT,GGAAAACTCACCACTAGGGGGCGGGAGCAAGATGCCTTTGATGGCTGTCG,,,,,,,,,,10:15251593-15252985,Unclassified,True,neg
435,233598,cg19701416,3.8182830960192545e-13,2.0168048294573726,True,6.328584958120367e-11,cg19701416,chr10,28592092,+,cg19701416,40701353,,CAATAAAAAAATTCTACTAAAAAAACRTCTTCAAATCTAAAACRCCTATC,,II,,,,,,,,,chr10:28591622-28592117,Island,GGGGCGGGGCGGGGCTGCACCGCCCGCGGGTAAGAGGGGCCTGCTGATAGGCTGCGAAGG[CG]ATAGGCGTCTCAGACTTGAAGACGCCTCTCCAGCAGAACTCCCTCATTGGTCGGCAAGAG,AATGAGGGAGTTCTGCTGGAGAGGCGTCTTCAAGTCTGAGACGCCTATCG,,,,,,,,,10:28631410-28632349,10:28591545-28592415,Promoter_Associated,,neg
436,233615,cg11688874,5.186304451368612e-14,2.3782351112540527,True,1.0857232438608825e-11,cg11688874,chr10,28822482,+,cg11688874,71748339,,CTATTTCCTCRCATACATTACCATCAATACCCRACCTATAAATATATATC,,II,,,,,,,,,chr10:28821189-28823092,Island,GCCCGCCGCCGCCGCCGCCTGCGCGCCCGCCCGCCTTTCGCGGCCGCTCTCCCCCCTCCC[CG]ACACACACTCACAGGCCGGGCATTGATGGTAATGTATGCGAGGAAACAGCAGAGACTCAG,TGTTTCCTCGCATACATTACCATCAATGCCCGGCCTGTGAGTGTGTGTCG,,,WAC;WAC;WAC;WAC;WAC,NM_100486;NM_016628;NM_016628;NM_100486;NR_024557,1stExon;5'UTR;1stExon;5'UTR;Body,high-CpG:28862447-28862499,,,10:28861199-28863098,,,,neg
438,235545,cg02702510,4.1797569523527604e-07,2.1930698280285785,True,7.136163973815383e-06,cg02702510,chr10,46090551,-,cg02702510,54765361,,CAACCCACTAAACTTAAAACCRAAAAAACTTCCCCAACTCTATATATATC,,II,,,,,,,,,chr10:46089871-46090462,S_Shore,TGCCCAGGCGACAACCCACTGGGCTTGGAACCGAAAAGACTTCCCCAGCTCTGTGTGTGT[CG]TTTAGTGTCTCCTGGCCCTGACTACATGTTATTAATATTAGTGTTTTGGAAGGAAAAGGA,CGACACACACAGAGCTGGGGAAGTCTTTTCGGTTCCAAGCCCAGTGGGTT,,True,MARCH8;MARCH8,NM_145021;NM_001002265,TSS200;TSS200,,,,,10:46089551-46090924,Promoter_Associated,,neg
441,236410,cg26332926,4.300793375672962e-07,2.066631761963093,True,7.3027249316825945e-06,cg26332926,chr10,52835078,-,cg26332926,73673424,,CCCAACTAAAAAATCCTAAATACAAACTCATCAAACTTAAAATAAAATAC,,II,,,,,,,,,chr10:52833539-52834752,S_Shore,TGGCAAACCAGCCCAGCTGGAAAATCCTAAATGCAGGCTCATCAGACTTGAAATGAAATG[CG]TCTGATCACCCATACTTTCTATGCTTTTGTGGCTCTCCCGGATTTCTCTACCTGCTGGCG,CGCATTTCATTTCAAGTCTGATGAGCCTGCATTTAGGATTTTCCAGCTGG,,,PRKG1;PRKG1,NM_001098512;NM_006258,Body;Body,,,,10:52504967-52505125,,,,neg
452,243447,cg01110552,7.305215137322749e-14,2.22802316884001,True,1.4750946632977207e-11,cg01110552,chr10,103578627,-,cg01110552,50707395,,ATTCTTATAATAAATAAACTCATTACATCTACCTAACCCAAACTTAATTC,,II,,,,,,,,,chr10:103577394-103578256,S_Shore,TTTCTATGGAGATTCTTGTAATAGGTGGGCTCATTACATCTGCCTAACCCAGGCTTGGTT[CG]GTAAAGACACCATTCCAAGGAGCTCAGCTCACCCCTCTGCCTTGAATCATTTTCCCCTAA,TTCTTGTAATAGGTGGGCTCATTACATCTGCCTAACCCAGGCTTGGTTCG,,,MGEA5;MGEA5,NM_001142434;NM_012215,TSS1500;TSS1500,,,,,10:103578061-103578637,Promoter_Associated,,neg
458,247021,cg04238871,1.2542984912560245e-09,2.2024584620727183,True,6.384666902157826e-08,cg04238871,chr10,126431886,-,cg04238871,19710326,,ACCTAACTCCCACRAACTTACAAAATCCAAAACTAACAAAAATATAACTC,,II,,,,,,,,,chr10:126431314-126433285,Island,CTGAGCGGGGAACCTGACTCCCACGGGCTTGCAAAATCCAAGACTAGCAAAAATGTGACT[CG]ACCAGTGTGCCTGTGCCGGACGGCCCTTCTCGCCATGTGCAAAAGCCACGCCGGCGCGGA,CCTGACTCCCACGGGCTTGCAAAATCCAAGACTAGCAAAAATGTGACTCG,,,FAM53B,NM_014661,5'UTR,,,,10:126421318-126422392,,,True,neg
477,254957,cg08967584,0.024740892315094853,2.0436467039986685,True,0.03715871771745207,cg08967584,chr11,3535099,+,cg08967584,38708324,,CTATAAACTCRCCACCCATTACCTCTCAATCATAACCRTAACAAAAAAAC,,II,,,,,rs11529778,0.4,,,,OpenSea,GTGCTGAGCGCTCGTCACCTGGAGGGACTTGTGCCTCTCTCAGTGGTAGGAGAGGGGCTA[CG]TCTTCCTGCCACGGTCATGATTGAGAGGCAATGGGTGGCGAGCCTACAGGGGACGTCGTC,CGTCTTCCTGCCACGGTCATGATTGAGAGGCAATGGGTGGCGAGCCTACA,,,,,,,,,11:3491675-3491782,,,,pos
478,256234,cg03963327,2.0966104912804903e-17,2.477771754199377,True,9.711118898375132e-15,cg03963327,chr11,9025730,+,cg03963327,13679417,73661477.0,TAAAAAAACCACAATAAATTCTCAAACTACCAAATCAATCCCCACCAACA,TAAAAAAACCGCGATAAATTCTCGAACTACCGAATCAATCCCCACCAACG,I,C,Grn,rs143157241,0.0266,,,,,chr11:9025095-9026315,Island,CGCGTCCCGCGTCCCGCGTCCCCTGCTCACCCGGTGGCAAAGCCGGCGAGGAGGCGGCGG[CG]CTGGTGGGGACTGACCCGGCAGTCCGAGAATCCACCGCGGCCTTTTCACCCAACCGCCCC,TGAAAAGGCCGCGGTGGATTCTCGGACTGCCGGGTCAGTCCCCACCAGCG,,,NRIP3,NM_020645,TSS200,,,,11:8981699-8983012,,,True,pos
479,256235,cg23091758,9.746018290434235e-22,2.3439286494886167,True,1.322659944315972e-18,cg23091758,chr11,9025767,-,cg23091758,55782376,30707421.0,AAAAACAACAACACTAATAAAAACTAACCCAACAATCCAAAAATCCACCA,AAAAACGACGACGCTAATAAAAACTAACCCGACAATCCGAAAATCCACCG,I,C,Grn,,,rs143157241,0.0266,,,chr11:9025095-9026315,Island,CAAAGCCGGCGAGGAGGCGGCGGCGCTGGTGGGGACTGACCCGGCAGTCCGAGAATCCAC[CG]CGGCCTTTTCACCCAACCGCCCCCTCCTGCGTGGGGGCCCCGCATCCCCTGGACTGGCGT,GGAGGCGGCGGCGCTGGTGGGGACTGACCCGGCAGTCCGAGAATCCACCG,,,NRIP3,NM_020645,TSS200,,DMR,,11:8981699-8983012,,,True,pos
491,261187,cg08722104,7.955993467716823e-14,2.3675719389543164,True,1.5894510918402574e-11,cg08722104,chr11,47448306,+,cg08722104,72722367,,AACTAAAATAACATACCTTTTTAACCCTTTACACACRACTAACCTATATC,,II,,,,,,,,,chr11:47447704-47448257,S_Shore,ACCGTGACCCCGCTAGGAATAAGGGGATTTACACAATGACACTGCCTCCCAATTAATAAA[CG]ACATAGGCCAGCCGTGTGCAAAGGGCCAAAAAGGCATGCCACCTCAGTCCGCATTTTTAC,CGACATAGGCCAGCCGTGTGCAAAGGGCCAAAAAGGCATGCCACCTCAGT,,True,PSMC3,NM_002804,TSS1500,,,,11:47404142-47405029,11:47447494-47448620,Promoter_Associated,,neg
493,262276,cg15392147,0.0007948065166429089,2.471937611948624,True,0.0026260074842524668,cg15392147,chr11,59209777,-,cg15392147,28645389,,CAACATAAAAAAACTCCRTCTCTACTTAAAATACAAAATTAACCAATCRC,,II,,,,,rs2867731,0.373175,rs2867731,0.373175,,OpenSea,ACCAGCCTGACCAACATGGAGAAACTCCGTCTCTACTTAAAATACAAAATTAGCCAGTCG[CG]GTGGCGTATGCCTGTAATCCCAGCTACTCAGGAGGCTGAAGCGGGAGAATCGCTTGAACC,CGCGACTGGCTAATTTTGTATTTTAAGTAGAGACGGAGTTTCTCCATGTT,,,OR5A1,NM_001004728,TSS1500,,,,,,,,neg
495,263809,cg01818597,2.3386617919904884e-12,2.374207531890304,True,3.0802032784779134e-10,cg01818597,chr11,63741913,-,cg01818597,15740341,,AACCCCAAATATCATTCACAAATATAAACCTTAAAAACRAAACATAACTC,,II,,,rs76083469,0.012153,,,,,chr11:63741900-63742614,Island,CATGATTGGGTGGCCCCAGATGTCATTCACAAGTATAAGCCTTGGAGGCGGAACATAACT[CG]AAGAAGAGCCCTTTTGTGCTCCGCCCATAGCGTAGGAAGGTGTCAATTGGCTGTTTCGAG,CGAGTTATGTTCCGCCTCCAAGGCTTATACTTGTGAATGACATCTGGGGC,,,COX8A,NM_004074,TSS200,,,,11:63498477-63499190,11:63741614-63743399,Promoter_Associated,,neg
523,287210,cg04207741,2.1707025254687105e-10,2.040794053702225,True,1.4729611600877993e-08,cg04207741,chr12,57482553,+,cg04207741,46735475,33671347.0,ACCAAAATAACCAAAACCCAACTATACAAAACAAACTTAAAAACCCAACA,ACCGAAATAACCGAAACCCGACTATACAAAACGAACTTAAAAACCCAACG,I,A,Red,,,,,,,chr12:57480797-57483116,Island,GGCGCCAAGAGGGCCGGCTGTGCATCCGGCGTGGGCGGCACAGAACGACCTCGCCCCGCC[CG]CTGGGTCCCCAAGCCCGCCCTGCACAGCCGGGCCTCGGTCACCTCGGTCCCCAATTCGGC,ACCGAGGTGACCGAGGCCCGGCTGTGCAGGGCGGGCTTGGGGACCCAGCG,,,NAB2,NM_005967,TSS200,,,,12:55767044-55769510,12:57482230-57482937,Promoter_Associated,,pos
524,287376,cg03052632,3.120718973800757e-14,2.305789303839525,True,6.964093510379994e-12,cg03052632,chr12,57634626,+,cg03052632,49688379,,ACTCTATACCCRAATATATATCTATACCCCTAAATATATCTATATCTATC,,II,,,,,,,,,chr12:57635240-57635572,N_Shore,GGAGGCACACCCGGGCAAAATCACCCAGATGGGAGCTGGGGACGGGGAAGTGGACAAACC[CG]ACAGATATAGACACACTCAGGGGCACAGACACACACCCGGGCACAGAGTCGGACACACCT,CTCTGTGCCCGGGTGTGTGTCTGTGCCCCTGAGTGTGTCTATATCTGTCG,,,NDUFA4L2,NM_020142,TSS200,,CDMR,,12:55920061-55923468,12:57634277-57634708,Promoter_Associated,,neg
529,291874,cg00170564,8.401948060340317e-10,2.0020588410633717,True,4.586313153542771e-08,cg00170564,chr12,107714106,+,cg00170564,11775370,,TCCAAAAAATAATACTAAATTTTACTCACTACCTACTAAAAACAACTATC,,II,,,,,,,,,chr12:107711603-107714107,Island,CGCTGCTGGTGCTGTCCCAGGTCCGGGAGCGCGAGGTTCCGCCCCCGGTGCGGGGCGGGG[CG]ACAGCTGCCTCCAGCAGGCAGTGAGCAAAACCCAGCACCATTTTTTGGAGCAGGGTTGAG,CCAAAAAATGGTGCTGGGTTTTGCTCACTGCCTGCTGGAGGCAGCTGTCG,,,BTBD11,NM_001018072,Body,,,,12:106236250-106238580,,,,neg
530,292994,cg08528204,1.3111571591036603e-10,2.068374996085731,True,9.625765676577803e-09,cg08528204,chr12,112452096,+,cg08528204,28741313,,CACATACRTAATTCACAATAAAAATCRTACTCCTATAAAAATATAATACC,,II,,,,,,,,,chr12:112450905-112451856,S_Shore,AGGTGAGCGGCAGGCGAGCTAGCACTACAGCCTGAGCTCCGCCTCCTGTTACATCAGCTG[CG]GCATTACATTCTCATAGGAGCACGACCTTTATTGTGAACTACGCATGTGAGGGATCCAGG,CGGCATTACATTCTCATAGGAGCACGACCTTTATTGTGAACTACGCATGT,,,TMEM116;ERP29;ERP29,NM_138341;NM_006817;NM_001034025,TSS1500;Body;Body,,,,12:110936382-110936504,12:112452016-112452138,Promoter_Associated,,pos
531,293258,cg26614578,4.1359522133179633e-13,2.0571914852420567,True,6.795267461094747e-11,cg26614578,chr12,113623930,+,cg26614578,14706403,,TAAAAATAAAATCTAAATCCAAAACTTATATACTTAACTACACTACTATC,,II,,,,,,,,,chr12:113622761-113623931,Island,AATCGGGTCATTGATTTGGGAGTCGCAGAATGTGGGGCGGTGGGGGCGGCGGTGATCTCC[CG]ATAGCAGTGTAGCCAAGTACACAAGCTCTGGACTCAGATTTCACTTCCACCGTTTTAGCT,GGAAGTGAAATCTGAGTCCAGAGCTTGTGTACTTGGCTACACTGCTATCG,,,C12orf52;DDX54;DDX54,NM_032848;NM_001111322;NM_024072,5'UTR;TSS1500;TSS1500,,,,,12:113622444-113624625,Unclassified,,neg
550,303816,cg15894389,5.709408783380527e-28,2.1762594013587564,True,4.846549192423983e-24,cg15894389,chr13,47470857,-,cg15894389,13643319,,CATTTATCTTCAAAATCCACACATAAAATACATTTATTATTCTATAACTC,,II,,,rs6312,0.084482,,,,,,OpenSea,ATGAGAACTTACATTTGTCTTCAGGGTCCACACATGAGATACATTTGTTATTCTGTGACT[CG]CTGCATCTCTCACAGTAATTAAACTGGTGTAGAGTCCCCTCTTCTTGATCTTCCACCAGC,ATTTGTCTTCAGGGTCCACACATGAGATACATTTGTTATTCTGTGACTCG,,,HTR2A;HTR2A;HTR2A,NM_001165947;NM_000621;NM_000621,1stExon;1stExon;5'UTR,,,,,,,,neg
562,309684,cg19540316,2.546975880715005e-11,2.1802266027179416,True,2.4202084859145363e-09,cg19540316,chr13,113622750,-,cg19540316,57799482,,ATAAACACRAACTAAAATCTACAAATAACAACCAAAACRCTACRTATATC,,II,,,,,,,,,chr13:113622737-113623660,Island,CATGGCCCTGCATAGACACGAGCTGGAATCTGCAGGTGGCAGCCAGGACGCTGCGTGTGT[CG]AGTGCACAGTGTGGCTTGGTGCCAACCATGGCGAGGGTGGAGAGCCCCGTGCCTGCAGCG,TAGACACGAGCTGGAATCTGCAGGTGGCAGCCAGGACGCTGCGTGTGTCG,,,MCF2L,NM_001112732,TSS200,low-CpG:112670446-112670765,,,13:112670739-112672099,,,,neg
566,312749,cg23951198,3.148927918098064e-07,2.0049128855568226,True,5.6953813085506604e-06,cg23951198,chr14,24899306,-,cg23951198,14603401,28792312.0,AAACACAAACAAAACAAAAACCTAACAAACACTAAAAAAACCTAAAACCA,AAACGCGAACAAAACGAAAACCTAACGAACGCTAAAAAAACCTAAAACCG,I,A,Red,,,,,,,chr14:24898779-24899288,S_Shore,CCCCTGGGCTGGGGGCGCGGGCAAAGCGGGGGCCTGGCGGGCGCTGAGAGGACCTGAAGC[CG]GCGCGGGCGGCGGAGGCGGTAGGCGCGCCCCTCCACCGCGCCCGGGAGCGGGGAGCGGGG,GGGCGCGGGCAAAGCGGGGGCCTGGCGGGCGCTGAGAGGACCTGAAGCCG,,,CBLN3;KHNYN;KHNYN,NM_001039771;NM_015299;NM_015299,TSS1500;1stExon;5'UTR,high-CpG:23968979-23969362,,,14:23968638-23969330,14:24898904-24899401,Promoter_Associated,,pos
569,313004,cg12920180,3.334662549962199e-17,2.1180591069136594,True,1.4761303167482977e-14,cg12920180,chr14,31344444,+,cg12920180,10720427,38775326.0,CAAATAAACAAAAACAAATCAACTACAAAAATTAACACAAACACACCACA,CAAATAAACAAAAACAAATCGACTACAAAAATTAACGCGAACGCGCCACG,I,C,Grn,rs1124180,0.016894,,,,,chr14:31343355-31344757,Island,CCAGCCCCTTGGGCTTCAGCCCTACCGCCTGAGGAGGAAGGCGCGAAGGTTGAGCCGCCG[CG]TGGCGCGCCCGCGTTAACCCCTGCAGCCGATCTGCTCCTGCTCACCTGTTTCTCCCATGG,CAGGTGAGCAGGAGCAGATCGGCTGCAGGGGTTAACGCGGGCGCGCCACG,,,COCH;COCH,NM_001135058;NM_004086,Body;Body,,DMR,True,14:30412895-30414631,14:31343023-31344557,Unclassified,True,pos
579,318439,cg20930514,3.1281167227908805e-11,2.117083066598672,True,2.8825815327746258e-09,cg20930514,chr14,77499758,-,cg20930514,53729359,,AAATTACRCAAAAACCACTCRAACATAAAATCCCAAAAACAACRTAATTC,,II,,,,,,,,,chr14:77499704-77500024,Island,GCCAGGGCGTAGGGTTACGCAAGAGCCACTCGAGCATGAAATCCCAGGAACAACGTGATT[CG]CTGAGAAGCCCCGGGGGAGGAAAGCCTGCACCGCCTGCCAGGACCTGCCCAGCCTGGGGC,GGTTACGCAAGAGCCACTCGAGCATGAAATCCCAGGAACAACGTGATTCG,,,,,,,,True,14:76569481-76569866,14:77498958-77500734,Promoter_Associated,True,neg
580,318585,cg20087917,9.94767367420227e-13,2.7111684234574907,True,1.4573897386566307e-10,cg20087917,chr14,77924039,+,cg20087917,65643319,,ACACRATACTTAAAATTTCTAAAAACTATAATCAAAAAACCTTATAATTC,,II,,,,,,,,,chr14:77923870-77924596,Island,ACCGCAGGGCATGCTGGAAGTCGTAGTTTCTTCTGCCTCTGCTGTCAGGCGCTGTCCCGA[CG]AACCACAAGGCTTCTTGACTACAGCCCCCAGAAACCCCAAGCACCGTGCTAGGTCATTTC,CACGGTGCTTGGGGTTTCTGGGGGCTGTAGTCAAGAAGCCTTGTGGTTCG,,,C14orf133;AHSA1,NM_022067;NM_012111,TSS200;TSS1500,,,,14:76993330-76994893,14:77923324-77925929,Promoter_Associated,,neg
583,320124,cg06084557,4.708000239530338e-13,2.014022776800124,True,7.619462787657689e-11,cg06084557,chr14,93799869,-,cg06084557,37680301,,CAATCCTAACATTCCRATAACTACTTCTTAACAATAAACACTTATCTATC,,II,,,,,,,,,chr14:93798709-93799804,S_Shore,GTCATTGCTGACAGTCCTGGCATTCCGGTGGCTGCTTCTTGGCAGTGAGCACTTGTCTAT[CG]TAAGCACTTGTCTGCATGGTACTTTTACAGGCACCACCTTGCTACTTGTGTAGTAGGTTA,AGTCCTGGCATTCCGGTGGCTGCTTCTTGGCAGTGAGCACTTGTCTATCG,,True,KIAA1409;BTBD7;BTBD7,NM_020818;NM_001002860;NM_018167,5'UTR;TSS1500;TSS1500,,,,,,,,neg
586,320794,cg22805909,1.748842912530354e-13,2.5368219853756733,True,3.195931064011359e-11,cg22805909,chr14,96967825,+,cg22805909,66789347,,TCTTAATCATAATTTCCCCTTAACTATATTTCCAACCCTTAATCTATATC,,II,,,rs75981369,0.016468,,,,,chr14:96968154-96969371,N_Shore,CAAACACTTTCTCAAACTTTTGCCGAGGGGTGGCGAGAAGGTAGACTTCCAGGTCCCACC[CG]ATATAGATTAAGGGCTGGAAACACAGTCAAGGGGAAATTATGACCAAGACAACCTTTGCT,CTTGGTCATAATTTCCCCTTGACTGTGTTTCCAGCCCTTAATCTATATCG,,,PAPOLA,NM_032632,TSS1500,,,,14:96037541-96037651,,,,neg
588,323368,cg21792493,0.00452263024356853,3.05193196041077,True,0.009884924112582075,cg21792493,chr14,104652867,+,cg21792493,47671446,66651377.0,CAAATACTTTACATCTCTACCTCCAAAAACAAAACCCAAAAAAAACAACA,CAAATACTTTACGTCTCTACCTCCAAAAACGAAACCCGAAAAAAACAACG,I,A,Red,,,rs2487298,0.386364,,,,OpenSea,CCACGGGCATGCAGCGAGGCGGTGGCGACGGCCCCAACTCAGGTCGCCCGAGTTCCTGTC[CG]CTGCCCCTTCCGGGCTCCGCCTCTGGAGGCAGAGACGTAAAGCACCTGGAATTCTGCACG,CGCTGCCCCTTCCGGGCTCCGCCTCTGGAGGCAGAGACGTAAAGCACCTG,,,,,,,,,14:103722574-103722658,,,,pos
593,326707,cg04875128,2.1023035536656013e-33,2.456478219413225,True,7.53101701328731e-29,cg04875128,chr15,31775895,-,cg04875128,66707375,34724474.0,AACTATAACTCTACAACAACAACAAACAATTCTACTACAAATACATAACA,AACTATAACTCTACGACGACAACGAACGATTCTACTACGAATACGTAACG,I,C,Grn,,,,,,,chr15:31775540-31776988,Island,CGGCGCGCGCCGGGCTGTAGCTCTGCGACGACAGCGAGCGGTTCTGCTGCGGGTACGTGG[CG]CACGGCCGCAGCGCCCCCACGGCCGGCGCGCACGCCTCGTCCCGCGCGCCCGACGCCTGC,CGCCACGTACCCGCAGCAGAACCGCTCGCTGTCGTCGCAGAGCTACAGCC,,,OTUD7A,NM_130901,Body,,,,15:29562601-29564280,,,,pos
599,327988,cg13045913,0.024397185599519408,2.4176361688879666,True,0.03674716424861388,cg13045913,chr15,41100308,-,cg13045913,50689479,,ACTAAAATACTTTAAATAAAAATTCCCTATAAACTATAAAACRCRCTACC,,II,,,rs74900270,0.019548,,,,,chr15:41099243-41099878,S_Shore,TGTGAGGGTCCACTGAAGTGCTTTAGGTGAGAGTTCCCTATAAACTGTAAAGCGCGCTGC[CG]TCGTTTTTGCAAAGCTACTCTTTTCTGTCGGCCCAGTGTAGCATCTGGCGGTTTTCTTCT,CGGCAGCGCGCTTTACAGTTTATAGGGAACTCTCACCTAAAGCACTTCAG,,,DNAJC17;ZFYVE19,NM_018163;NM_001077268,TSS1500;Body,,,,15:38887525-38887679,15:41098855-41100467,Promoter_Associated,,neg
601,328082,cg01858300,3.324459319309825e-10,2.063884935563311,True,2.1143502664211646e-08,cg01858300,chr15,41233997,+,cg01858300,26788409,10784318.0,CACAAACAAAAAATCAAACTATAACAAAAAACACAAAAAACAAAAAACCA,CGCAAACAAAAAATCGAACTATAACAAAAAACGCGAAAAACGAAAAACCG,I,C,Grn,,,,,,,chr15:41233833-41234391,Island,GGTGCGCCTGCCCGCCCGGGTCAGCCCTCCACCTGCCGCCGCCGTGCCCCGCAGCTCCCG[CG]GCTCCCCGCCCCCCGCGCTCTTTGTTACAGCCCGACTTCCTGTTTGCGGCAGCCGACCCG,CGCAAACAGGAAGTCGGGCTGTAACAAAGAGCGCGGGGGGCGGGGAGCCG,,,,,,,,True,15:39021126-39022224,15:41233837-41234466,Promoter_Associated,,pos
604,328289,cg25826226,1.8891334770751624e-09,2.237084433191181,True,8.934358984370632e-08,cg25826226,chr15,41953061,-,cg25826226,30623354,64733330.0,AATAAAAAACACCCATAACTCAACCCTACCCTCACATATATAAAATACCA,AATAAAAAACGCCCATAACTCGACCCTACCCTCGCGTATATAAAATACCG,I,C,Grn,,,,,,,chr15:41952535-41953222,Island,CGAGGCGGGAGGGGTGAGAAGCGCCCATGGCTCGGCCCTGCCCTCGCGTGTGTGGGGTGC[CG]CTCCGCGTGGTACGGTCCGCGTGACGACTTCTCGCCCGGCGCCGGGCTCTAGGTCGAGAG,CGGCACCCCACACACGCGAGGGCAGGGCCGAGCCATGGGCGCTTCTCACC,,,MGA;MGA,NM_001080541;NM_001164273,5'UTR;5'UTR,,DMR,,15:39739310-39740534,15:41951570-41953540,Promoter_Associated,,pos
612,333093,cg09732510,8.022648709689778e-11,2.058186770941791,True,6.381034668369902e-09,cg09732510,chr15,72978892,-,cg09732510,22646409,,AACTTTTCACCAATAATAACTCTTACCRTAATACCATCTTTTTCTATCTC,,II,,,,,,,,,chr15:72978290-72978758,S_Shore,CGGAGAAGGGAGACTTTTCACCAGTAATGGCTCTTACCGTAGTGCCATCTTTTTCTGTCT[CG]GGGGTTTGGAAGGTAATGACTAGCACTTGTGTAGACAGTTCCTGTTAATCCCGTGAATTG,ACTTTTCACCAGTAATGGCTCTTACCGTAGTGCCATCTTTTTCTGTCTCG,,,HIGD2B;BBS4,NR_002780;NM_033028,TSS1500;Body,,,,15:70765177-70766060,15:72978023-72979149,Promoter_Associated_Cell_type_specific,,neg
625,338193,cg07394446,1.7582880831040089e-15,2.18123464708483,True,5.253313389163008e-13,cg07394446,chr15,100881458,-,cg07394446,60810437,67782317.0,TAAAAATACAAATCACACCCAAAAACCAACAAATACAACAACAAAACACA,TAAAAATACAAATCGCGCCCGAAAACCGACAAATACAACAACAAAACGCG,I,C,Grn,,,,,,,chr15:100880957-100882438,Island,TCGCGGCGCAGCTGAAGGTACAGGTCGCGCCCGAAGGCCGGCAGGTGCAGCAGCAGGGCG[CG]CTCTCCGGGCCGGGCGCGCGGGGCGGCTGGGGGCGTGCGGGGGCGTCGCCGCCGTCGGGG,CGCGCCCTGCTGCTGCACCTGCCGGCCTTCGGGCGCGACCTGTACCTTCA,,,ADAMTS17,NM_139057,Body,,,,15:98698481-98700076,15:100881040-100883031,Promoter_Associated,,pos
626,338244,cg12031275,3.56229922979335e-08,2.087071893644973,True,9.843124863401433e-07,cg12031275,chr15,101093834,-,cg12031275,56675312,73779428.0,TCCCAATCATTCTCAAAATAAATTCCAAAATTAAAAATATCACCTTCACA,TCCCAATCATTCTCGAAATAAATTCCGAAATTAAAAATATCGCCTTCGCG,I,A,Red,,,,,,,chr15:101094520-101099493,N_Shore,GTCGCGGCTGTGTCCCAGTCATTCTCGGGGTAAGTTCCGAAGTTGGAGGTGTCGCCTTCG[CG]GGCTATCTTGGGCACGATGGGAGGCTTCAGTTTTCTCTGAGGAACAGCTTCCCAGTCCAC,TCCCAGTCATTCTCGGGGTAAGTTCCGAAGTTGGAGGTGTCGCCTTCGCG,,,,,,,,,15:98911295-98911439,,,,neg
652,352226,cg26670552,8.864490652060063e-09,2.0581798305171093,True,3.1866235581270867e-07,cg26670552,chr16,69600032,+,cg26670552,42649459,56689343.0,CCTCCTCCTCAAAAATAATAACTTCCACTAAACCAAAAACCAAAAAAACA,CCTCCTCCTCGAAAATAATAACTTCCACTAAACCGAAAACCGAAAAAACG,I,A,Red,,,,,,,chr16:69599437-69600736,Island,GAACCCCTCTCCTGGTCACCGAGAATCAGTCCCCGTGGAGTTCCCCCTCCACCTCGCCAT[CG]TTTCCTCGGTCCTCGGCCCAGTGGAAGTCACTACCCTCGAGGAGGAGGCAGCGGCAGCCG,CCTCCTCCTCGAGGGTAGTGACTTCCACTGGGCCGAGGACCGAGGAAACG,,,NFAT5;NFAT5;NFAT5;NFAT5;NFAT5;NFAT5;NFAT5;NFAT5;NFAT5;MIR1538;NFAT5,NM_138713;NM_138714;NM_006599;NM_001113178;NM_138714;NM_001113178;NM_006599;NM_173214;NM_138713;NR_031719;NM_173214,1stExon;5'UTR;1stExon;5'UTR;1stExon;1stExon;5'UTR;5'UTR;5'UTR;TSS1500;1stExon,high-CpG:68157319-68157618,,,16:68156939-68158313,16:69599632-69600149,Promoter_Associated,True,pos
660,358536,cg01097406,0.0026319709161146338,2.2355067450552686,True,0.006533580527804285,cg01097406,chr16,89675127,-,cg01097406,18641344,,AAAATACTACTAACTCAAAATAACRTAAACRCCAAAAATAAATCCACCTC,,II,,,rs80089054,0.019213,,,,,,OpenSea,TTCCTGTTAGGAAAATGCTGCTGGCTCAGGGTGGCGTGGGCGCCAGAGGTGGATCCACCT[CG]TCTGTGTCCTCAGTACAGACGCAGAAGGCTTGCCTCTGCCATCCTAGAACCATCATTTTT,CGAGGTGGATCCACCTCTGGCGCCCACGCCACCCTGAGCCAGCAGCATTT,,,,,,,,,16:88202602-88202650,,,,neg
666,365540,cg27151629,1.2756633510562077e-10,2.198457111312365,True,9.403461273500046e-09,cg27151629,chr17,19411125,+,cg27151629,60630505,,AAACCCAAAATCRAAAAAATCCCTAAACCATAAAAATTCTAAAAAAAAAC,,II,,,,,,,,,chr17:19410595-19411377,Island,TCCCCTAGTCCGCCCCGGCGTCCCCTTCTCCCCTGCGTCCCCTTCTCCCCTGCGTCCCCT[CG]CTCCCTCCCAGAATCCCCATGGCCCAGGGATCCCCCCGATCCTGGGCCTCCTCCTGGGCA,CGCTCCCTCCCAGAATCCCCATGGCCCAGGGATCCCCCCGATCCTGGGCC,,,,,,,,,17:19351188-19352110,17:19410483-19412440,Promoter_Associated,,pos
679,373747,cg02668984,3.2968292358712274e-13,2.451085026384464,True,5.575298828555919e-11,cg02668984,chr17,48172022,+,cg02668984,47759371,,ATCCAAAATAAAAACCATCACTACTAATAACRATAAAAACAACAACTATC,,II,,,,,,,,,chr17:48172460-48172994,N_Shore,AAGGCTTTATGTTCGGTCAGATGAGCTGTATAATAAAATGAAAGTGTTAACTGGCATGGA[CG]ATAGCTGCTGCCTCCACCGCCACTAGTAGTGATGGTTTTTACTCTGGATGTTTTTCAGTT,TCCAGAGTAAAAACCATCACTACTAGTGGCGGTGGAGGCAGCAGCTATCG,,True,PDK2,NM_002611,TSS1500,,,,,17:48171365-48172880,Promoter_Associated,,neg
680,375114,cg19401340,4.511190542033306e-19,2.1762307088010946,True,3.1712434999825466e-16,cg19401340,chr17,56833197,+,cg19401340,74772454,36662328.0,CACAAACAATCAACACTAAATTACCTAAAAAAAACTCCCACAAACATACA,CACGAACGATCAACACTAAATTACCTAAAAAAAACTCCCGCAAACGTACG,I,C,Grn,,,,,,,chr17:56832961-56833986,Island,CAGATCCGAGAGGGGCGGCGCGCTCCGCCCCCGGGCCGCGCACGTCGGTGCTCGGCGGCG[CG]CACGCCTGCGGGAGCCCTCTCCAGGCAACCTAGTGCTGATCGCTCGTGCCGGTGCGGCCG,CACGAGCGATCAGCACTAGGTTGCCTGGAGAGGGCTCCCGCAGGCGTGCG,,,PPM1E,NM_014906,TSS200,high-CpG:54188191-54188518,DMR,,17:54187961-54189321,17:56833159-56833201,Unclassified,True,pos
712,388068,cg19283806,9.701776894900272e-31,2.323786721146325,True,1.7500550251865856e-26,cg19283806,chr18,66389420,+,cg19283806,62709369,12681323.0,AATTTCTCCTTAAACAATCCCCACAAAAATAACAACCAAAAAAAAATACA,AATTTCTCCTTAAACAATCCCCGCAAAAATAACAACCAAAAAAAAATACG,I,A,Red,,,,,,,,OpenSea,TCCGTAGTATTGTCTCTGGCTTTGAACGCTGTTGAGGGAGGGGAATGTTTGCACTCATCC[CG]CATCCTTTTTTGGCTGCTATCTTTGCGGGGATTGTTCAAGGAGAAATCCATCCTGACTGG,GATTTCTCCTTGAACAATCCCCGCAAAGATAGCAGCCAAAAAAGGATGCG,,,CCDC102B,NM_001093729,5'UTR,,DMR,,,18:66388995-66389733,Unclassified_Cell_type_specific,,neg
713,388532,cg16762684,3.9378795634354146e-17,2.150587436177131,True,1.72550867623554e-14,cg16762684,chr18,74820493,+,cg16762684,23635397,,AATCACACAAACATTATCAAAATATCCAATCATCCCAATAACTAAAAATC,,II,,,,,,,,,chr18:74824149-74824414,N_Shelf,TCAGATTCCATCAGGACCGCTGAGACTTCCGCGGTCTCAGTTGGTATTCAGTTCTAGATC[CG]ATTTCCAGCCACTGGGATGACTGGACACTTTGATAATGTCTGTGTGATTATCAACACTTA,ATCACACAGACATTATCAAAGTGTCCAGTCATCCCAGTGGCTGGAAATCG,,,MBP;MBP,NM_001025101;NM_001025100,5'UTR;5'UTR,,,True,,18:74820470-74820567,Unclassified_Cell_type_specific,True,neg
722,394396,cg02895995,6.954543569306509e-13,2.040438769331027,True,1.0672771429274907e-10,cg02895995,chr19,7554069,+,cg02895995,51668397,,AACTCCRAAAATAATCCAAAATCTACAAACCTAAAAAACACACACRTATC,,II,,,,,,,,,chr19:7553699-7554033,S_Shore,GTCCCCCTGACCGGCTTTTTGTCCGCTGTAGGGGAGGGACAGAGTTTGCAGAGGTGGGGC[CG]ACACGTGTGTGCTCTCCAGGCCTGCAGACCCTGGATCATCCTCGGAGTTTGCTGCATTCT,ACTCCGAGGATGATCCAGGGTCTGCAGGCCTGGAGAGCACACACGTGTCG,,,PEX11G,NM_080662,TSS200,,,True,19:7459717-7460141,19:7553573-7554728,Promoter_Associated,,neg
730,397028,cg09379601,2.10935551110844e-14,2.211033126248678,True,4.8990913373986605e-12,cg09379601,chr19,12992224,-,cg09379601,29703302,,CAACAACRAAATCATAACTACTATAAAACTAAAATCCAAAAATCTATATC,,II,,,,,,,,,chr19:12991690-12992508,Island,AGCGCTGCCAGCAGCAGCGGGATCATAGCTGCTATGGGGCTGAGATCCAGGAATCTGTGT[CG]GGACTGCGGGGCGCTGGGTTACATCAGAGGCCAGGACTGGCACCTGGCGCCTTTCACTTC,AGCAGCGGGATCATAGCTGCTATGGGGCTGAGATCCAGGAATCTGTGTCG,,,DNASE2;DNASE2,NM_001375;NM_001375,5'UTR;1stExon,high-CpG:12853219-12853322,,,19:12852691-12853458,19:12991559-12992678,Unclassified,,neg
735,398672,cg04248312,9.493661258039193e-10,2.056296345277058,True,5.0634887353398534e-08,cg04248312,chr19,17393744,-,cg04248312,31723436,,TAACCCTACAACAAAAACACCTAAAATACRCRCRAATCCTACAAAATCTC,,II,,,,,,,,,chr19:17392383-17393775,Island,GCCGCTGGACCTGGCCCTGCAGCAGGGACACCTGGAGTGCGCGCGAGTCCTGCAGGATCT[CG]ACACGCGGACCAGGACCCGGACCCGGATCGGGGCAGAGACTCAGGAGCCCGAGCCTGCAC,GGCCCTGCAGCAGGGACACCTGGAGTGCGCGCGAGTCCTGCAGGATCTCG,,,ANKLE1,NM_152363,Body,,,True,19:17253398-17254752,19:17392294-17394214,Promoter_Associated,,neg
744,400235,cg15174294,8.712799173729085e-05,2.1321626542297882,True,0.00047990176331600787,cg15174294,chr19,21265264,-,cg15174294,65800308,,AATAACTATAATAAAACTTAAACCTCCCCRCAATCAACTCTACAATCTAC,,II,,,,,,,,,chr19:21265164-21265433,Island,AAGCGGTGGGAAGTGGCTGTGGTGGGACTTAGGCCTCCCCGCAGTCAACTCTACAATCTG[CG]CCCGGAGTTCTCCTTGCTCAGCTCGGCCTCAGTCCCCTTCAGCCATAAGATGGCGGCTGC,GTGGCTGTGGTGGGACTTAGGCCTCCCCGCAGTCAACTCTACAATCTGCG,,,ZNF714,NM_182515,5'UTR,,,,19:21056822-21057273,,,,pos
745,400236,cg06238316,7.191526803976587e-05,2.1662541323147755,True,0.0004138365031029118,cg06238316,chr19,21265364,+,cg06238316,64747498,,AAAATCCAAAACTACCCTAAAAAAACTCCAAATCAAAACCCAATCACTAC,,II,,,rs8101412,0.256259,,,,,chr19:21265164-21265433,Island,TCAGCCATAAGATGGCGGCTGCGCTGACTGCGGGATCCCGGGCGTCCTGTCTTTTCCCTG[CG]CAGTGACTGGGCCCTGACCTGGAGTCCTCTCAGGGCAGCTCTGGACCCTCAGCGGCGCGT,GGGTCCAGAGCTGCCCTGAGAGGACTCCAGGTCAGGGCCCAGTCACTGCG,,,ZNF714,NM_182515,5'UTR,,,,19:21056822-21057273,,,,pos
751,401457,cg27654529,8.757787532601264e-10,2.007360424817808,True,4.7434710493730384e-08,cg27654529,chr19,35418345,+,cg27654529,70733331,,CCTAACAATCCCATTTCTTCCCRCTACATACAAAAAATATCATAACTATC,,II,,,,,,,,,chr19:35417701-35418217,S_Shore,ACTGTAATTGATTTATGTAAAGGAGCAAAAGACTCTTCAACTCTCAGTTTAAAAAGGAAA[CG]ATAGTTATGATACCTTTTGCATGCAGCGGGAAGAAATGGGATTGCCAGGAAGCCTCTTCT,CTGGCAATCCCATTTCTTCCCGCTGCATGCAAAAGGTATCATAACTATCG,,,ZNF30;ZNF30;ZNF30;ZNF30,NM_194325;NR_024018;NM_001099437;NM_001099438,5'UTR;Body;5'UTR;5'UTR,,,,,19:35417142-35418631,Unclassified,,neg
758,404789,cg25261059,7.242818650232773e-09,2.163473625800988,True,2.7007665989090205e-07,cg25261059,chr19,44031185,+,cg25261059,39779471,66610306.0,ACCTAAAAAAAAACTACTAAACACTAAACAACAACAAAAACAAAACTCCA,ACCTAAAAAAAAACTACTAAACACTAAACGACAACAAAAACGAAACTCCG,I,A,Red,,,,,,,chr19:44031127-44031504,Island,CCCCGCTTTCCGCAAGATGCAGGCGTGGGTCCCCCCGGATCTCTCCCTATTAAGAGACCC[CG]GAGTTCCGTCCTTGCTGCCGCCTAGTGCCCAGCAGTCCCCTCCTAGGTCCAGCCACCCGC,ACCTAGGAGGGGACTGCTGGGCACTAGGCGGCAGCAAGGACGGAACTCCG,,,ETHE1,NM_014297,Body,,,,19:48722968-48723344,19:44030124-44031735,Promoter_Associated,True,pos
760,405112,cg14531862,4.9520119549478044e-15,2.1082044350317863,True,1.3399030147398895e-12,cg14531862,chr19,44764205,+,cg14531862,37765487,52731481.0,CCAACTTAAAAACCCATACACCACCCTAAAAACAAAAAACAAACAAACCA,CCAACTTAAAAACCCATACACCGCCCTAAAAACAAAAAACAAACAAACCG,I,T,Red,,,,,,,chr19:44763978-44764312,Island,TGGACTCGCAGGTGCCTGCCCTCGCTCTCAGTGAAGGGAAGTCGCAGAGGGCGGGGACGA[CG]GTTTGCTTGCCCTTTGTTTTTAGGGCGGTGCATGGGTCTCCAAGTTGGGAATGGCTCCTG,CGGTTTGCTTGCCCTTTGTTTTTAGGGCGGTGCATGGGTCTCCAAGTTGG,,,ZNF233,NM_181756,5'UTR,,,,19:49455867-49456172,19:44763901-44764227,Promoter_Associated_Cell_type_specific,True,pos
765,407437,cg15031763,2.401556876550117e-09,2.096320638760134,True,1.090897643544695e-07,cg15031763,chr19,49631660,-,cg15031763,59673369,,AATATCTAAACAAAAATTTACAACTCTAACRAAAAAACTAAACTTATATC,,II,,,,,,,,,chr19:49633660-49633946,N_Shore,CAGATCCTGCCAATGTCTGGACAGGAGTTTGCAGCTCTGACGAAGGAGCTGAACTTATGT[CG]GGAGCAGCTGCTGGAGAGGGAGGAAGAGATTGCAGAGCTGAAGGCGGAACGGAACAACAC,ATGTCTGGACAGGAGTTTGCAGCTCTGACGAAGGAGCTGAACTTATGTCG,,,PPFIA3,NM_003660,Body,,,True,19:54322918-54323647,19:49630888-49632158,Promoter_Associated,,neg
776,413372,ch.20.4648144R,5.0325847107143536e-12,2.095610097656094,True,6.020245104452337e-10,ch.20.4648144R,chr20,4700144,+,ch.20.4648144R,13698323,,TTTCAACATATAAATTATTAAAAAACACAAACATTCAAACTATAACAACT,,II,,,,,,,,,,OpenSea,GAGAAATCGCTGAAATGTGATTTGGAAAATAATACTTATTTAGCTGTGTAGCTACCTAAA[CA]GCTGTTACAGTCTGAATGCTTGTGTCCCTCAACAACTCATATGTTGAAATTCTCACCCCC,CAGCTGTTACAGTCTGAATGCTTGTGTCCCTCAACAACTCATATGTTGAA,,,,,,,,,,,,,pos
781,414087,ch.20.378824F,1.2889741396386283e-13,2.1142771774747278,True,2.4399993022689703e-11,ch.20.378824F,chr20,17967508,+,ch.20.378824F,62657338,,AACCACCATATTATATTTCTACCACAAAACACTATTTACAACAATATACT,,II,,,rs6136249,0.26234,,,,,,OpenSea,TTATAGTTTTCAGAATGCTATTAAGGTTTTTTTTTTTACATTTATTAAGTTCTACAATTA[CA]GTACATTGCTGCAAACAGTGTTCTGTGGCAGAAATATAACATGGTGGCTCACACCTGTAA,CAGTACATTGCTGCAAACAGTGTTCTGTGGCAGAAATATAACATGGTGGC,,,C20orf72,NM_052865,Body,,,,,,,,neg
782,414368,cg05644321,5.8248487336642895e-09,2.2970715784549287,True,2.2583886917185016e-07,cg05644321,chr20,20693493,+,cg05644321,62750339,,CTCRAAACTTATAATACAACRTATACRTAAAAAAAACTCCTTTATAATTC,,II,,,,,,,,,chr20:20692747-20693786,Island,CACTAGCCCGTCCGCGCCAAAACCTAGCGGGGACGCGCTCAGAGGGCCGAGAAGGCGCCT[CG]AATCACAAAGGAGCTTCTCTCACGCACACGTTGTACTACAAGTCCCGAGATGCACCGCGA,TCGGGACTTGTAGTACAACGTGTGCGTGAGAGAAGCTCCTTTGTGATTCG,,,RALGAPA2,NM_020343,TSS1500,,,,20:20640770-20641786,20:20693084-20693829,Promoter_Associated,,neg
791,419835,cg16423285,1.1378678227320983e-06,3.3267614282563662,True,1.5830905591428187e-05,cg16423285,chr20,60520624,+,cg16423285,74608440,,RATAAAAAAAAACAACCACRAAACAAACAATCTCAATATTCCTCATCATC,,II,,,,,rs148193602,0.0723,,,chr20:60518033-60523876,Island,CCCTTCTCACCAACGCTGAGGAGCACTGCAACCATCTGCACCGTGGCCGCCCCTTCTCAC[CG]ATGATGAGGAACATTGAGACTGTCTGCCCCGTGGCTGCCCCTTCTCACCGATGCTGAGGA,GTGAGAAGGGGCAGCCACGGGGCAGACAGTCTCAATGTTCCTCATCATCG,,,,,,,,,20:59951492-59957259,,,,neg
796,422384,cg06665941,7.714779073711096e-15,2.419582513708088,True,1.9963616352105813e-12,cg06665941,chr21,34602869,-,cg06665941,48770320,,CACCAAAAATACCCAAAATACCRAACATTTACCACTACAAAATATAAATC,,II,,,rs17860119,0.01087,,,,,chr21:34602241-34603265,Island,CCACCCCACCCCACCAAGGATGCCCAGGATACCGGGCATTTGCCACTGCAAGATGTGAGT[CG]TTGCTAAGTTTGAGGGTCACATTCCTCCAGGTCCACCCCGCCTTGCAAAACCGGCTCACC,CGACTCACATCTTGCAGTGGCAAATGCCCGGTATCCTGGGCATCCTTGGT,,True,IFNAR2;IFNAR2;IFNAR2,NM_207585;NM_207584;NM_000874,5'UTR;5'UTR;5'UTR,,,,21:33523897-33525086,21:34601684-34603680,Promoter_Associated,,neg
798,422661,cg13030790,1.6404184149770358e-07,2.2839553807196835,True,3.3707176509825722e-06,cg13030790,chr21,36421503,-,cg13030790,65703374,,ATAATACTCACCACRCTACRAAACCCTATAATTTACATTCAATATAATTC,,II,,,,,,,,,,OpenSea,GCTGTGGGTTGGTGATGCTCACCACGCTGCGAAACCCTGTGGTTTGCATTCAGTGTGATT[CG]TCCTGCCTGCTGACCACTATGCTGGGTTCAGACTTCTGACACTGCCAGGCTACCCAACTT,TGATGCTCACCACGCTGCGAAACCCTGTGGTTTGCATTCAGTGTGATTCG,,,RUNX1;RUNX1,NM_001754;NM_001754,5'UTR;1stExon,low-CpG:35343224-35343511,,,,21:36420876-36421962,Promoter_Associated,,neg
814,429766,cg01525244,9.135850483217514e-12,2.038104996564396,True,1.00896146290726e-09,cg01525244,chr22,39548611,+,cg01525244,24609403,24673357.0,TAACACCAAAAAAAACATTACACAAATTCAAAAATAAAACATCAACAACA,TAACGCCGAAAAAAACGTTACGCAAATTCAAAAATAAAACGTCGACGACG,I,T,Red,rs150296091,0.0646,,,,,chr22:39548613-39549666,N_Shore,CACCCTCGTCCGGGCGCGCACGCGCACGCGCACGCGCGCACACCCCCTCGCGCTCCCTCA[CG]CCGCCGACGTTCCATTTTTGAACCTGCGCAACGTTTTCCTCGGCGCCAGCGAGCGAGCGC,CGCCGCCGACGTTCCATTTTTGAACCTGCGCAACGTTTTCCTCGGCGCCA,,,CBX7,NM_175709,TSS200,high-CpG:37878464-37878632,,,22:37877959-37879580,22:39548135-39549801,Promoter_Associated,,pos
820,430589,cg08957018,7.626870047300495e-13,2.0133635900244533,True,1.1553026901180964e-10,cg08957018,chr22,42487540,+,cg08957018,64697329,,CRAAAAACACTAAAATATCTTACCCATAACCTACCCTATAATTAACTATC,,II,,,,,,,,,chr22:42486349-42487246,S_Shore,GCGTTTTCCCACTGAGGTTATGTAAACATGAAGAGGAGCCTACAAGTGTCAAGGAAAAAA[CG]ACAGCTAACCACAGGGCAGGCCATGGGCAAGATATCTCAGTGTTCTCCGCTCTCATAGGT,CGACAGCTAACCACAGGGCAGGCCATGGGCAAGATATCTCAGTGTTCTCC,,,NDUFA6,NM_002490,TSS1500,,,,,22:42486129-42487584,Promoter_Associated,,neg
