,Unnamed: 0_x,index,Unnamed: 0.1,Reporter Identifier,stat,p,fold_change,beta1,beta2,Rejection on 0.05,qval,id1,id2,Unnamed: 0_y,chr,pos,strand,Name,AddressA,AddressB,ProbeSeqA,ProbeSeqB,Type,NextBase,Color,Probe_rs,Probe_maf,CpG_rs,CpG_maf,SBE_rs,SBE_maf,Islands_Name,Relation_to_Island,Forward_Sequence,SourceSeq,Random_Loci,Methyl27_Loci,UCSC_RefGene_Name,UCSC_RefGene_Accession,UCSC_RefGene_Group,Phantom,DMR,Enhancer,HMM_Island,Regulatory_Feature_Name,Regulatory_Feature_Group,DHS
31,2,751,751,cg14074924,4.0635456675762684,7.816460110916944e-05,0.4038373655686462,0.03727035041666666,0.01505116012608696,True,0.022496895947286256,0,3,cg14074924,chr1,1167315,+,cg14074924,18745392,72630499.0,AAAAAAAATAACAATAACCTAATCCAAACCCATTAACAACATCACTAACA,AAAAAAAATAACAATAACCTAATCCGAACCCGTTAACGACGTCACTAACG,I,C,Grn,,,,,,,chr1:1167001-1168985,Island,CCGGGCCCCTCACTCACCGGTCTGCCTCCCCGCGCTCGGGATCCGAGGACCGGAGCGAAG[CG]TCAGTGACGCCGCCAACGGGCCCGGATCAGGCCACTGCCATCTTTCTTGCGGGCGGGGGC,AAGAAAGATGGCAGTGGCCTGATCCGGGCCCGTTGGCGGCGTCACTGACG,,,SDF4;SDF4;SDF4;SDF4;B3GALT6,NM_016547;NM_016547;NM_016176;NM_016176;NM_080605,1stExon;5'UTR;5'UTR;1stExon;TSS1500,high-CpG:1157136-1157312,,,1:1156434-1158834,1:1167194-1167824,Promoter_Associated,
238,7,751,751,cg14074924,4.335170804512068,2.4391262788861175e-05,0.4232393272287063,0.03727035041666666,0.01577427803592813,True,0.0054635434439185854,0,4,cg14074924,chr1,1167315,+,cg14074924,18745392,72630499.0,AAAAAAAATAACAATAACCTAATCCAAACCCATTAACAACATCACTAACA,AAAAAAAATAACAATAACCTAATCCGAACCCGTTAACGACGTCACTAACG,I,C,Grn,,,,,,,chr1:1167001-1168985,Island,CCGGGCCCCTCACTCACCGGTCTGCCTCCCCGCGCTCGGGATCCGAGGACCGGAGCGAAG[CG]TCAGTGACGCCGCCAACGGGCCCGGATCAGGCCACTGCCATCTTTCTTGCGGGCGGGGGC,AAGAAAGATGGCAGTGGCCTGATCCGGGCCCGTTGGCGGCGTCACTGACG,,,SDF4;SDF4;SDF4;SDF4;B3GALT6,NM_016547;NM_016547;NM_016176;NM_016176;NM_080605,1stExon;5'UTR;5'UTR;1stExon;TSS1500,high-CpG:1157136-1157312,,,1:1156434-1158834,1:1167194-1167824,Promoter_Associated,
623,13,751,751,cg14074924,3.65361704518182,0.0003553936670201436,0.555385314528086,0.03727035041666666,0.0206994052887324,True,0.023101869054208503,0,5,cg14074924,chr1,1167315,+,cg14074924,18745392,72630499.0,AAAAAAAATAACAATAACCTAATCCAAACCCATTAACAACATCACTAACA,AAAAAAAATAACAATAACCTAATCCGAACCCGTTAACGACGTCACTAACG,I,C,Grn,,,,,,,chr1:1167001-1168985,Island,CCGGGCCCCTCACTCACCGGTCTGCCTCCCCGCGCTCGGGATCCGAGGACCGGAGCGAAG[CG]TCAGTGACGCCGCCAACGGGCCCGGATCAGGCCACTGCCATCTTTCTTGCGGGCGGGGGC,AAGAAAGATGGCAGTGGCCTGATCCGGGCCCGTTGGCGGCGTCACTGACG,,,SDF4;SDF4;SDF4;SDF4;B3GALT6,NM_016547;NM_016547;NM_016176;NM_016176;NM_080605,1stExon;5'UTR;5'UTR;1stExon;TSS1500,high-CpG:1157136-1157312,,,1:1156434-1158834,1:1167194-1167824,Promoter_Associated,
6987,209,751,751,cg14074924,-3.7579228600654333,0.0002159776533913854,1.5894774475580367,0.01505116012608696,0.02392347958000001,True,0.0020016678715707344,3,6,cg14074924,chr1,1167315,+,cg14074924,18745392,72630499.0,AAAAAAAATAACAATAACCTAATCCAAACCCATTAACAACATCACTAACA,AAAAAAAATAACAATAACCTAATCCGAACCCGTTAACGACGTCACTAACG,I,C,Grn,,,,,,,chr1:1167001-1168985,Island,CCGGGCCCCTCACTCACCGGTCTGCCTCCCCGCGCTCGGGATCCGAGGACCGGAGCGAAG[CG]TCAGTGACGCCGCCAACGGGCCCGGATCAGGCCACTGCCATCTTTCTTGCGGGCGGGGGC,AAGAAAGATGGCAGTGGCCTGATCCGGGCCCGTTGGCGGCGTCACTGACG,,,SDF4;SDF4;SDF4;SDF4;B3GALT6,NM_016547;NM_016547;NM_016176;NM_016176;NM_080605,1stExon;5'UTR;5'UTR;1stExon;TSS1500,high-CpG:1157136-1157312,,,1:1156434-1158834,1:1167194-1167824,Promoter_Associated,
7502,88,751,751,cg14074924,-3.8020106640874056,0.00017816615533841732,1.516613281794002,0.01577427803592813,0.02392347958000001,True,0.003937322336792841,4,6,cg14074924,chr1,1167315,+,cg14074924,18745392,72630499.0,AAAAAAAATAACAATAACCTAATCCAAACCCATTAACAACATCACTAACA,AAAAAAAATAACAATAACCTAATCCGAACCCGTTAACGACGTCACTAACG,I,C,Grn,,,,,,,chr1:1167001-1168985,Island,CCGGGCCCCTCACTCACCGGTCTGCCTCCCCGCGCTCGGGATCCGAGGACCGGAGCGAAG[CG]TCAGTGACGCCGCCAACGGGCCCGGATCAGGCCACTGCCATCTTTCTTGCGGGCGGGGGC,AAGAAAGATGGCAGTGGCCTGATCCGGGCCCGTTGGCGGCGTCACTGACG,,,SDF4;SDF4;SDF4;SDF4;B3GALT6,NM_016547;NM_016547;NM_016176;NM_016176;NM_080605,1stExon;5'UTR;5'UTR;1stExon;TSS1500,high-CpG:1157136-1157312,,,1:1156434-1158834,1:1167194-1167824,Promoter_Associated,
38,82,15102,15102,cg16651196,4.411697205723439,1.9634183912079957e-05,0.5485446666551097,0.02281669291666668,0.012515975210144923,True,0.00909955297551572,0,3,cg16651196,chr1,39957206,+,cg16651196,52731370,16672327.0,CCAAAACTAACCAATAAAAACACAAAAACAAAACCTAAACACAAAAACCA,CCGAAACTAACCAATAAAAACGCGAAAACGAAACCTAAACGCGAAAACCG,I,C,Grn,rs185512060,0.0357,,,,,chr1:39956424-39958137,Island,TCGCACCTCGGGGTCGCCCCACCCGCAACACCTGCCGCCGCCCGGGGCTCCTAGCGGGCG[CG]GCCTCCGCGCCCAGGCCCCGCCCCCGCGCCCCCATTGGTCAGTCCCGGGGGTGGGCGGGC,CCGGGACTGACCAATGGGGGCGCGGGGGCGGGGCCTGGGCGCGGAGGCCG,,,BMP8A,NM_181809,TSS200,,,,1:39728549-39730700,1:39956370-39957859,Unclassified,
5886,3662,15102,15102,cg16651196,-4.456131650687343,1.4996022521354566e-05,1.5106423631236574,0.01460701866216216,0.02206598119000001,True,0.00028100844280114717,2,6,cg16651196,chr1,39957206,+,cg16651196,52731370,16672327.0,CCAAAACTAACCAATAAAAACACAAAAACAAAACCTAAACACAAAAACCA,CCGAAACTAACCAATAAAAACGCGAAAACGAAACCTAAACGCGAAAACCG,I,C,Grn,rs185512060,0.0357,,,,,chr1:39956424-39958137,Island,TCGCACCTCGGGGTCGCCCCACCCGCAACACCTGCCGCCGCCCGGGGCTCCTAGCGGGCG[CG]GCCTCCGCGCCCAGGCCCCGCCCCCGCGCCCCCATTGGTCAGTCCCGGGGGTGGGCGGGC,CCGGGACTGACCAATGGGGGCGCGGGGGCGGGGCCTGGGCGCGGAGGCCG,,,BMP8A,NM_181809,TSS200,,,,1:39728549-39730700,1:39956370-39957859,Unclassified,
6909,3794,15102,15102,cg16651196,-6.90746309207954,3.358566159297485e-11,1.6035490801342749,0.012515975210144923,0.020069980535211283,True,9.460012335378689e-09,3,5,cg16651196,chr1,39957206,+,cg16651196,52731370,16672327.0,CCAAAACTAACCAATAAAAACACAAAAACAAAACCTAAACACAAAAACCA,CCGAAACTAACCAATAAAAACGCGAAAACGAAACCTAAACGCGAAAACCG,I,C,Grn,rs185512060,0.0357,,,,,chr1:39956424-39958137,Island,TCGCACCTCGGGGTCGCCCCACCCGCAACACCTGCCGCCGCCCGGGGCTCCTAGCGGGCG[CG]GCCTCCGCGCCCAGGCCCCGCCCCCGCGCCCCCATTGGTCAGTCCCGGGGGTGGGCGGGC,CCGGGACTGACCAATGGGGGCGCGGGGGCGGGGCCTGGGCGCGGAGGCCG,,,BMP8A,NM_181809,TSS200,,,,1:39728549-39730700,1:39956370-39957859,Unclassified,
6996,3976,15102,15102,cg16651196,-7.377866021483638,2.724223412861372e-12,1.7630253192027938,0.012515975210144923,0.02206598119000001,True,5.70024986365199e-10,3,6,cg16651196,chr1,39957206,+,cg16651196,52731370,16672327.0,CCAAAACTAACCAATAAAAACACAAAAACAAAACCTAAACACAAAAACCA,CCGAAACTAACCAATAAAAACGCGAAAACGAAACCTAAACGCGAAAACCG,I,C,Grn,rs185512060,0.0357,,,,,chr1:39956424-39958137,Island,TCGCACCTCGGGGTCGCCCCACCCGCAACACCTGCCGCCGCCCGGGGCTCCTAGCGGGCG[CG]GCCTCCGCGCCCAGGCCCCGCCCCCGCGCCCCCATTGGTCAGTCCCGGGGGTGGGCGGGC,CCGGGACTGACCAATGGGGGCGCGGGGGCGGGGCCTGGGCGCGGAGGCCG,,,BMP8A,NM_181809,TSS200,,,,1:39728549-39730700,1:39956370-39957859,Unclassified,
117,822,140706,140706,cg02725290,3.976712252505095,0.00010895434897659423,0.3169029028402903,0.1391825325,0.044107348573913054,True,0.02778388177049912,0,3,cg02725290,chr6,10837710,-,cg02725290,25725430,43799346.0,CTACAATAAAAACAAACAATAACACAATTAAAAAAACTTTCTCCCTCCCA,CTACAATAAAAACAAACGATAACGCGATTAAAAAAACTTTCTCCCTCCCG,I,A,Red,rs12204666,0.082308,,,,,chr6:10838098-10838915,N_Shore,CCTGCCCGGTGCCTGCAGTGGAAGCAGGCGGTGGCGCGGTTGGGGGAACTTTCTCCCTCC[CG]GTCAAGCCTCGGGAATTGAAGGGCCGGGGAGGCGGGGCCCGATCGAAAAGCTGGAAAGTC,CGGGAGGGAGAAAGTTCCCCCAACCGCGCCACCGCCTGCTTCCACTGCAG,,,,,,,,,6:10945633-10945742,6:10837593-10838031,Unclassified_Cell_type_specific,
7182,37348,140706,140706,cg02725290,-2.80076393488642,0.005520723642273135,1.995633666632593,0.044107348573913054,0.08802210976,True,0.025633352231954683,3,6,cg02725290,chr6,10837710,-,cg02725290,25725430,43799346.0,CTACAATAAAAACAAACAATAACACAATTAAAAAAACTTTCTCCCTCCCA,CTACAATAAAAACAAACGATAACGCGATTAAAAAAACTTTCTCCCTCCCG,I,A,Red,rs12204666,0.082308,,,,,chr6:10838098-10838915,N_Shore,CCTGCCCGGTGCCTGCAGTGGAAGCAGGCGGTGGCGCGGTTGGGGGAACTTTCTCCCTCC[CG]GTCAAGCCTCGGGAATTGAAGGGCCGGGGAGGCGGGGCCCGATCGAAAAGCTGGAAAGTC,CGGGAGGGAGAAAGTTCCCCCAACCGCGCCACCGCCTGCTTCCACTGCAG,,,,,,,,,6:10945633-10945742,6:10837593-10838031,Unclassified_Cell_type_specific,
