,Unnamed: 0_x,index,Unnamed: 0.1,Reporter Identifier,stat,p,fold_change,beta1,beta2,Rejection on 0.05,qval,id1,id2,Unnamed: 0_y,chr,pos,strand,Name,AddressA,AddressB,ProbeSeqA,ProbeSeqB,Type,NextBase,Color,Probe_rs,Probe_maf,CpG_rs,CpG_maf,SBE_rs,SBE_maf,Islands_Name,Relation_to_Island,Forward_Sequence,SourceSeq,Random_Loci,Methyl27_Loci,UCSC_RefGene_Name,UCSC_RefGene_Accession,UCSC_RefGene_Group,Phantom,DMR,Enhancer,HMM_Island,Regulatory_Feature_Name,Regulatory_Feature_Group,DHS,gene_group
6906,939,4012,4012,cg21388339,5.537564530711949,7.102752570131394e-08,0.6619767292235165,0.5301184764492757,0.3509260951408453,True,3.963588622933183e-06,50-60,70-80,cg21388339,chr1,3606550,-,cg21388339,69638509,,TTCAAACRACCCAACAAAAAATAACAATCACCTCAAAAACCCCACTAAAC,,II,,,,,rs3765725,0.330455,,,chr1:3607096-3607553,N_Shore,TACAATGGAAATTCAGACGGCCCAACAGGGAGTGGCAGTCACCTCAAAGGCCCCACTAGA[CG]GGTGCGGGGCACCACTGCAGAGCCCCTCCCTGGCTGTGCCAAGGCCGTCCACGCCTGCAG,TCAGACGGCCCAACAGGGAGTGGCAGTCACCTCAAAGGCCCCACTAGACG,,,TP73;TP73;TP73;TP73,NM_001126240;NM_001126242;NM_005427;NM_001126241,TSS1500;TSS1500;Body;TSS1500,,,,,,,,TP73
6909,3794,15102,15102,cg16651196,-6.90746309207954,3.358566159297485e-11,1.6035490801342749,0.012515975210144923,0.020069980535211283,True,9.460012335378689e-09,50-60,70-80,cg16651196,chr1,39957206,+,cg16651196,52731370,16672327.0,CCAAAACTAACCAATAAAAACACAAAAACAAAACCTAAACACAAAAACCA,CCGAAACTAACCAATAAAAACGCGAAAACGAAACCTAAACGCGAAAACCG,I,C,Grn,rs185512060,0.0357,,,,,chr1:39956424-39958137,Island,TCGCACCTCGGGGTCGCCCCACCCGCAACACCTGCCGCCGCCCGGGGCTCCTAGCGGGCG[CG]GCCTCCGCGCCCAGGCCCCGCCCCCGCGCCCCCATTGGTCAGTCCCGGGGGTGGGCGGGC,CCGGGACTGACCAATGGGGGCGCGGGGGCGGGGCCTGGGCGCGGAGGCCG,,,BMP8A,NM_181809,TSS200,,,,1:39728549-39730700,1:39956370-39957859,Unclassified,,BMP8A
6910,3795,15103,15103,cg09547767,-7.144039030339303,7.966819832661794e-12,1.5050028567510367,0.03791253076811593,0.05705846711267608,True,3.2548570163095197e-09,50-60,70-80,cg09547767,chr1,39957387,+,cg09547767,57698304,13682362.0,AAAACTATTCTAAAAACTAAAACTATCAACCAATCCATCTATCACCACCA,GAAACTATTCTAAAAACTAAAACTATCAACCAATCCGTCTATCGCCGCCG,I,T,Red,,,,,,,chr1:39956424-39958137,Island,CGGAGCTCGCCGGTCGCCCCTGCGCTGCGCGGACCGCAGCCACAGCCGGACTGGTGGGAA[CG]GCGGCGACAGACGGATTGGCTGACAGTCCCAGCCCTCAGAACAGCCCCGGCCTCGAAGCG,CGGCGGCGACAGACGGATTGGCTGACAGTCCCAGCCCTCAGAACAGCCCC,,,BMP8A;BMP8A,NM_181809;NM_181809,1stExon;5'UTR,high-CpG:39729875-39730234,,,1:39728549-39730700,1:39956370-39957859,Unclassified,,BMP8A
6911,5298,20679,20679,cg21812670,-5.187940659770679,4.104717332898641e-07,1.5893110759828075,0.12399430382608699,0.19706552042957745,True,1.619162320389805e-05,50-60,70-80,cg21812670,chr1,76251636,+,cg21812670,60650471,12680338.0,TAAATTACTTTTAAAAAATCATTTATTCTAACTAAACACAATAACTTACA,TAAATTACTTTTAAAAAATCATTTATTCTAACTAAACGCGATAACTTACG,I,C,Grn,,,,,,,,OpenSea,TTACACTCCTAGGATCAAGCAATCCTGCTGTCCGGCTTCCCAAAGTGCTGGGATTACAGG[CG]TAAGCCACCGCGTCCAGCTAGAACAAATGATTTCTTAAAAGCAACTCAGATATTTAAATA,TGAGTTGCTTTTAAGAAATCATTTGTTCTAGCTGGACGCGGTGGCTTACG,,,SNORD45C;RABGGTB,NR_003042;NM_004582,TSS1500;TSS1500,,,,,1:76251370-76252590,Promoter_Associated,True,SNORD45C
6911,5298,20679,20679,cg21812670,-5.187940659770679,4.104717332898641e-07,1.5893110759828075,0.12399430382608699,0.19706552042957745,True,1.619162320389805e-05,50-60,70-80,cg21812670,chr1,76251636,+,cg21812670,60650471,12680338.0,TAAATTACTTTTAAAAAATCATTTATTCTAACTAAACACAATAACTTACA,TAAATTACTTTTAAAAAATCATTTATTCTAACTAAACGCGATAACTTACG,I,C,Grn,,,,,,,,OpenSea,TTACACTCCTAGGATCAAGCAATCCTGCTGTCCGGCTTCCCAAAGTGCTGGGATTACAGG[CG]TAAGCCACCGCGTCCAGCTAGAACAAATGATTTCTTAAAAGCAACTCAGATATTTAAATA,TGAGTTGCTTTTAAGAAATCATTTGTTCTAGCTGGACGCGGTGGCTTACG,,,SNORD45C;RABGGTB,NR_003042;NM_004582,TSS1500;TSS1500,,,,,1:76251370-76252590,Promoter_Associated,True,RABGGTB
6912,9937,37896,37896,cg12466610,4.703277702584791,4.037852933585308e-06,0.6171647272141007,0.4667915544927535,0.2880872823943662,True,9.75819718331744e-05,50-60,70-80,cg12466610,chr1,220950205,-,cg12466610,56748335,,CRAAAAATACTTAAAAAACCAAAATCCATTCAACACAACRCRACTAAATC,,II,,,,,rs12402066,0.44582700000000003,rs12402066,0.44582700000000003,,OpenSea,AAAAAATTGAACGGAAGATACTTGGAGAGCCAGGGTCCATTCAGCACAGCGCGGCTGGGT[CG]GCTTCCATTCCTGGGTCCGCAGCGCCCTCGTGTGGTAGGTGCCCAGCCTTCCTGGCTGCA,GGAAGATACTTGGAGAGCCAGGGTCCATTCAGCACAGCGCGGCTGGGTCG,,,MOSC2,NM_017898,Body,,,,1:219016817-219016859,1:220950048-220950519,Unclassified,,MOSC2
7502,88,751,751,cg14074924,-3.8020106640874056,0.00017816615533841732,1.516613281794002,0.01577427803592813,0.02392347958000001,True,0.003937322336792841,60-70,80+,cg14074924,chr1,1167315,+,cg14074924,18745392,72630499.0,AAAAAAAATAACAATAACCTAATCCAAACCCATTAACAACATCACTAACA,AAAAAAAATAACAATAACCTAATCCGAACCCGTTAACGACGTCACTAACG,I,C,Grn,,,,,,,chr1:1167001-1168985,Island,CCGGGCCCCTCACTCACCGGTCTGCCTCCCCGCGCTCGGGATCCGAGGACCGGAGCGAAG[CG]TCAGTGACGCCGCCAACGGGCCCGGATCAGGCCACTGCCATCTTTCTTGCGGGCGGGGGC,AAGAAAGATGGCAGTGGCCTGATCCGGGCCCGTTGGCGGCGTCACTGACG,,,SDF4;SDF4;SDF4;SDF4;B3GALT6,NM_016547;NM_016547;NM_016176;NM_016176;NM_080605,1stExon;5'UTR;5'UTR;1stExon;TSS1500,high-CpG:1157136-1157312,,,1:1156434-1158834,1:1167194-1167824,Promoter_Associated,,SDF4
7502,88,751,751,cg14074924,-3.8020106640874056,0.00017816615533841732,1.516613281794002,0.01577427803592813,0.02392347958000001,True,0.003937322336792841,60-70,80+,cg14074924,chr1,1167315,+,cg14074924,18745392,72630499.0,AAAAAAAATAACAATAACCTAATCCAAACCCATTAACAACATCACTAACA,AAAAAAAATAACAATAACCTAATCCGAACCCGTTAACGACGTCACTAACG,I,C,Grn,,,,,,,chr1:1167001-1168985,Island,CCGGGCCCCTCACTCACCGGTCTGCCTCCCCGCGCTCGGGATCCGAGGACCGGAGCGAAG[CG]TCAGTGACGCCGCCAACGGGCCCGGATCAGGCCACTGCCATCTTTCTTGCGGGCGGGGGC,AAGAAAGATGGCAGTGGCCTGATCCGGGCCCGTTGGCGGCGTCACTGACG,,,SDF4;SDF4;SDF4;SDF4;B3GALT6,NM_016547;NM_016547;NM_016176;NM_016176;NM_080605,1stExon;5'UTR;5'UTR;1stExon;TSS1500,high-CpG:1157136-1157312,,,1:1156434-1158834,1:1167194-1167824,Promoter_Associated,,B3GALT6
7593,33326,236399,236399,cg19739082,-5.837135520092465,1.5470753873010598e-08,1.5169558886063148,0.022578778814371283,0.03425101148000001,True,4.257889796388583e-06,60-70,80+,cg19739082,chr10,52833902,+,cg19739082,51667442,30739430.0,CAAAAAAACTTACAAAACATACAAAAAACCTAATAAACCTCCAAAACACA,CAAAAAAACTTACGAAACGTACGAAAAACCTAATAAACCTCCGAAACGCG,I,C,Grn,,,rs12264657,0.136076,,,chr10:52833539-52834752,Island,CCTCCCACCTCCCCACCCCCGAAGTAGCGCTCCCGCCTCGCTCCACCCGCACACCCCCGG[CG]CGCCTCGGAGGCTTATCAGGCTCCCCGCACGCCCCGCAAGCTTCCTTGGGCGCCCGGCGC,CAAGGAAGCTTGCGGGGCGTGCGGGGAGCCTGATAAGCCTCCGAGGCGCG,,,PRKG1;PRKG1,NM_001098512;NM_006258,Body;TSS1500,high-CpG:52503519-52504316,DMR,,10:52503463-52504827,,,True,PRKG1
7507,2882,20679,20679,cg21812670,-4.942509275739956,1.3691862323484016e-06,1.527928141184986,0.13808897697005992,0.2109900339,True,0.00012455422997545692,60-70,80+,cg21812670,chr1,76251636,+,cg21812670,60650471,12680338.0,TAAATTACTTTTAAAAAATCATTTATTCTAACTAAACACAATAACTTACA,TAAATTACTTTTAAAAAATCATTTATTCTAACTAAACGCGATAACTTACG,I,C,Grn,,,,,,,,OpenSea,TTACACTCCTAGGATCAAGCAATCCTGCTGTCCGGCTTCCCAAAGTGCTGGGATTACAGG[CG]TAAGCCACCGCGTCCAGCTAGAACAAATGATTTCTTAAAAGCAACTCAGATATTTAAATA,TGAGTTGCTTTTAAGAAATCATTTGTTCTAGCTGGACGCGGTGGCTTACG,,,SNORD45C;RABGGTB,NR_003042;NM_004582,TSS1500;TSS1500,,,,,1:76251370-76252590,Promoter_Associated,True,SNORD45C
7507,2882,20679,20679,cg21812670,-4.942509275739956,1.3691862323484016e-06,1.527928141184986,0.13808897697005992,0.2109900339,True,0.00012455422997545692,60-70,80+,cg21812670,chr1,76251636,+,cg21812670,60650471,12680338.0,TAAATTACTTTTAAAAAATCATTTATTCTAACTAAACACAATAACTTACA,TAAATTACTTTTAAAAAATCATTTATTCTAACTAAACGCGATAACTTACG,I,C,Grn,,,,,,,,OpenSea,TTACACTCCTAGGATCAAGCAATCCTGCTGTCCGGCTTCCCAAAGTGCTGGGATTACAGG[CG]TAAGCCACCGCGTCCAGCTAGAACAAATGATTTCTTAAAAGCAACTCAGATATTTAAATA,TGAGTTGCTTTTAAGAAATCATTTGTTCTAGCTGGACGCGGTGGCTTACG,,,SNORD45C;RABGGTB,NR_003042;NM_004582,TSS1500;TSS1500,,,,,1:76251370-76252590,Promoter_Associated,True,RABGGTB
7636,55780,397286,397286,cg24800175,3.061091299317745,0.00243193053427392,0.6406922129753981,0.10900301273473052,0.06983738145,True,0.024310346143403973,60-70,80+,cg24800175,chr19,13345599,+,cg24800175,74713396,31793461.0,TCCTCTTCCAATACAAAACATACCCTCCTCCTTCTCTTCTAACAAAAACA,TCCTCTTCCAATACAAAACGTACCCTCCTCCTTCTCTTCTAACAAAAACG,I,C,Grn,,,,,,,chr19:13346962-13347346,N_Shore,GGCACGTCCCCTACCGGAAGAGAAGGGCACGCCCCCTACCGGAAAAGAAGGGTGAGGGCG[CG]CCCCTGCCAGAAGAGAAGGAGGAGGGCACGTCTTGCATTGGAAGAGGAGGGTACATCCTC,TCCTCTTCCAATGCAAGACGTGCCCTCCTCCTTCTCTTCTGGCAGGGGCG,,,CACNA1A;CACNA1A,NM_001127222;NM_001127221,Body;Body,,,,,19:13345301-13345831,Unclassified,True,CACNA1A
7592,33256,235904,235904,cg24385334,-4.317813988959164,2.228681431914013e-05,1.6066769766037308,0.01583117918622755,0.025435591111,True,0.0009149831012137907,60-70,80+,cg24385334,chr10,49732315,+,cg24385334,21644381,28780432.0,TTCTCCTATTAATTAACAAAATCTACCCAAAAACCAACATACCCACTACA,TTCTCCTATTAATTAACAAAATCTACCCGAAAACCGACATACCCGCTACG,I,C,Grn,,,,,,,chr10:49731448-49732638,Island,CAGGGTGCGCGGGACCGCCGGCCCGCGGCTCCCGGGCCCTCACACTCCACCGCGGCCCCG[CG]CAGCGGGCATGCCGGCCTCCGGGCAGACCCTGCTAATCAATAGGAGAACGCGCAGATCGC,TTCTCCTATTGATTAGCAGGGTCTGCCCGGAGGCCGGCATGCCCGCTGCG,,,ARHGAP22,NM_021226,Body,,DMR,,10:49401473-49402548,,,True,ARHGAP22
